order_id,date,time,datetime,product_name,category,quantity,unit_price,unit_cost,discount_pct,discount_amount,gross_revenue,revenue,cost,profit,profit_margin,channel,payment_method,status,customer_email,customer_name,customer_type,city,state,region,year,month,month_name,month_short,week,day_of_week,day_name,day_short,day_of_month,quarter,quarter_label,is_weekend,is_weekday,year_month,year_quarter,year_week,hour,time_of_day,season
ORD-12164,2023-01-09,09:59:33,2023-01-09 09:59:33,Smart Watch Series 5,Electronics,1,449.99,180.0,0,0.0,449.99,449.99,180.0,269.99,60.0,Website,Debit Card,Refunded,jgreen@example.net,Matthew Stephens,New,Miami,FL,South,2023,1,January,Jan,2,0,Monday,Mon,9,1,Q1,False,True,2023-01,2023Q1,2023-W02,9,Morning,Winter
ORD-10807,2023-01-15,17:44:34,2023-01-15 17:44:34,SQL for Beginners,Digital,1,79.99,5.0,10,8.0,79.99,71.99,5.0,66.99,93.05,Mobile App,Bank Transfer,Refunded,kingcristina@example.org,James Warren,New,Minneapolis,MN,Midwest,2023,1,January,Jan,2,6,Sunday,Sun,15,1,Q1,True,False,2023-01,2023Q1,2023-W03,17,Evening,Winter
ORD-14598,2023-01-16,16:34:15,2023-01-16 16:34:15,Bluetooth Speaker,Electronics,5,129.99,45.0,0,0.0,649.95,649.95,225.0,424.95,65.38,Amazon,Debit Card,Refunded,lwarren@example.com,Isaac Taylor,Returning,Chicago,IL,Midwest,2023,1,January,Jan,3,0,Monday,Mon,16,1,Q1,False,True,2023-01,2023Q1,2023-W03,16,Afternoon,Winter
ORD-13887,2023-01-17,09:22:40,2023-01-17 09:22:40,Excel Masterclass,Digital,2,99.99,5.0,0,0.0,199.98,199.98,10.0,189.98,95.0,Website,PayPal,Refunded,john60@example.net,Jeanette Dean,New,Houston,TX,South,2023,1,January,Jan,3,1,Tuesday,Tue,17,1,Q1,False,True,2023-01,2023Q1,2023-W03,9,Morning,Winter
ORD-12650,2023-01-18,17:30:15,2023-01-18 17:30:15,Monitor Stand,Office,1,89.99,28.0,5,4.5,89.99,85.49,28.0,57.49,67.25,Amazon,PayPal,Refunded,brookskenneth@example.net,Andrew Adkins,New,Seattle,WA,West,2023,1,January,Jan,3,2,Wednesday,Wed,18,1,Q1,False,True,2023-01,2023Q1,2023-W03,17,Evening,Winter
ORD-10176,2023-01-19,12:38:06,2023-01-19 12:38:06,Excel Masterclass,Digital,1,99.99,5.0,25,25.0,99.99,74.99,5.0,69.99,93.33,Website,Bank Transfer,Refunded,tyang@example.org,Ryan Baxter,New,Dallas,TX,South,2023,1,January,Jan,3,3,Thursday,Thu,19,1,Q1,False,True,2023-01,2023Q1,2023-W03,12,Afternoon,Winter
ORD-14500,2023-01-21,17:48:26,2023-01-21 17:48:26,Screen Protector,Accessories,1,19.99,4.0,10,2.0,19.99,17.99,4.0,13.99,77.77,Website,Credit Card,Refunded,zmorris@example.com,Christopher Doyle,Returning,Boston,MA,Northeast,2023,1,January,Jan,3,5,Saturday,Sat,21,1,Q1,True,False,2023-01,2023Q1,2023-W03,17,Evening,Winter
ORD-13056,2023-01-21,21:21:46,2023-01-21 21:21:46,Laptop Pro X1,Electronics,1,1299.99,800.0,0,0.0,1299.99,1299.99,800.0,499.99,38.46,Website,PayPal,Refunded,nancy16@example.com,Andrew Hart,New,San Diego,CA,West,2023,1,January,Jan,3,5,Saturday,Sat,21,1,Q1,True,False,2023-01,2023Q1,2023-W03,21,Night,Winter
ORD-10361,2023-01-23,15:35:09,2023-01-23 15:35:09,Bluetooth Speaker,Electronics,1,129.99,45.0,5,6.5,129.99,123.49,45.0,78.49,63.56,Website,PayPal,Refunded,gmiller@example.org,Amanda Stafford,New,San Antonio,TX,South,2023,1,January,Jan,4,0,Monday,Mon,23,1,Q1,False,True,2023-01,2023Q1,2023-W04,15,Afternoon,Winter
ORD-10760,2023-01-26,08:05:41,2023-01-26 08:05:41,Desk Organizer,Office,1,49.99,15.0,5,2.5,49.99,47.49,15.0,32.49,68.41,Website,Apple Pay,Refunded,neilfloyd@example.net,Dillon Huynh,Returning,Minneapolis,MN,Midwest,2023,1,January,Jan,4,3,Thursday,Thu,26,1,Q1,False,True,2023-01,2023Q1,2023-W04,8,Morning,Winter
ORD-12851,2023-01-28,11:47:50,2023-01-28 11:47:50,Ergonomic Mouse,Office,2,69.99,22.0,15,21.0,139.98,118.98,44.0,74.98,63.02,Website,Bank Transfer,Refunded,jnorman@example.org,Travis Anderson,Returning,Boston,MA,Northeast,2023,1,January,Jan,4,5,Saturday,Sat,28,1,Q1,True,False,2023-01,2023Q1,2023-W04,11,Morning,Winter
ORD-10092,2023-01-29,11:07:29,2023-01-29 11:07:29,SQL for Beginners,Digital,2,79.99,5.0,10,16.0,159.98,143.98,10.0,133.98,93.05,Website,Debit Card,Refunded,ernestgonzalez@example.com,Mitchell Zavala,Returning,Seattle,WA,West,2023,1,January,Jan,4,6,Sunday,Sun,29,1,Q1,True,False,2023-01,2023Q1,2023-W05,11,Morning,Winter
ORD-13121,2023-01-29,19:35:33,2023-01-29 19:35:33,Wireless Headphones,Electronics,2,299.99,120.0,15,90.0,599.98,509.98,240.0,269.98,52.94,Mobile App,Credit Card,Refunded,brownchristopher@example.org,Gina Barron,New,Minneapolis,MN,Midwest,2023,1,January,Jan,4,6,Sunday,Sun,29,1,Q1,True,False,2023-01,2023Q1,2023-W05,19,Evening,Winter
ORD-11944,2023-02-06,18:17:25,2023-02-06 18:17:25,Monitor Stand,Office,1,89.99,28.0,5,4.5,89.99,85.49,28.0,57.49,67.25,Amazon,PayPal,Refunded,turnercynthia@example.net,Amanda Brown,Returning,Chicago,IL,Midwest,2023,2,February,Feb,6,0,Monday,Mon,6,1,Q1,False,True,2023-02,2023Q1,2023-W06,18,Evening,Winter
ORD-10524,2023-02-08,20:09:41,2023-02-08 20:09:41,Laptop Pro X1,Electronics,3,1299.99,800.0,10,390.0,3899.97,3509.97,2400.0,1109.97,31.62,Mobile App,Bank Transfer,Refunded,eric57@example.net,Wesley Moreno,Returning,Phoenix,AZ,West,2023,2,February,Feb,6,2,Wednesday,Wed,8,1,Q1,False,True,2023-02,2023Q1,2023-W06,20,Evening,Winter
ORD-11348,2023-02-12,07:59:47,2023-02-12 07:59:47,Python Course,Digital,1,199.99,5.0,0,0.0,199.99,199.99,5.0,194.99,97.5,Website,Debit Card,Refunded,jasonnewton@example.net,Sierra Turner,New,Phoenix,AZ,West,2023,2,February,Feb,6,6,Sunday,Sun,12,1,Q1,True,False,2023-02,2023Q1,2023-W07,7,Morning,Winter
ORD-11106,2023-02-14,08:49:04,2023-02-14 08:49:04,Excel Masterclass,Digital,4,99.99,5.0,0,0.0,399.96,399.96,20.0,379.96,95.0,Website,Apple Pay,Refunded,marynielsen@example.org,Martha Brennan,New,Atlanta,GA,South,2023,2,February,Feb,7,1,Tuesday,Tue,14,1,Q1,False,True,2023-02,2023Q1,2023-W07,8,Morning,Winter
ORD-12918,2023-02-16,21:58:22,2023-02-16 21:58:22,Phone Case Premium,Accessories,1,34.99,8.0,0,0.0,34.99,34.99,8.0,26.99,77.14,Mobile App,Apple Pay,Refunded,nharris@example.org,Jennifer Reyes,Returning,San Diego,CA,West,2023,2,February,Feb,7,3,Thursday,Thu,16,1,Q1,False,True,2023-02,2023Q1,2023-W07,21,Night,Winter
ORD-12221,2023-02-19,10:41:39,2023-02-19 10:41:39,USB-C Hub 7-in-1,Accessories,1,79.99,25.0,0,0.0,79.99,79.99,25.0,54.99,68.75,Email Campaign,Debit Card,Refunded,smithbenjamin@example.com,Blake Mullins,New,Denver,CO,West,2023,2,February,Feb,7,6,Sunday,Sun,19,1,Q1,True,False,2023-02,2023Q1,2023-W08,10,Morning,Winter
ORD-12159,2023-02-21,05:19:41,2023-02-21 05:19:41,Phone Case Premium,Accessories,3,34.99,8.0,0,0.0,104.97,104.97,24.0,80.97,77.14,Social Media,Credit Card,Refunded,matthew62@example.org,Mark Griffin,New,Dallas,TX,South,2023,2,February,Feb,8,1,Tuesday,Tue,21,1,Q1,False,True,2023-02,2023Q1,2023-W08,5,Morning,Winter
ORD-12837,2023-02-23,09:21:50,2023-02-23 09:21:50,Monitor Stand,Office,1,89.99,28.0,5,4.5,89.99,85.49,28.0,57.49,67.25,Website,PayPal,Refunded,aprice@example.com,Christopher Lopez,New,Los Angeles,CA,West,2023,2,February,Feb,8,3,Thursday,Thu,23,1,Q1,False,True,2023-02,2023Q1,2023-W08,9,Morning,Winter
ORD-11114,2023-02-23,15:54:02,2023-02-23 15:54:02,USB-C Hub 7-in-1,Accessories,1,79.99,25.0,20,16.0,79.99,63.99,25.0,38.99,60.93,Amazon,Debit Card,Refunded,xmaldonado@example.org,Eric Hernandez,New,Philadelphia,PA,Northeast,2023,2,February,Feb,8,3,Thursday,Thu,23,1,Q1,False,True,2023-02,2023Q1,2023-W08,15,Afternoon,Winter
ORD-13248,2023-02-24,13:55:38,2023-02-24 13:55:38,Ergonomic Mouse,Office,1,69.99,22.0,0,0.0,69.99,69.99,22.0,47.99,68.57,Website,Credit Card,Refunded,espinozahelen@example.org,Jonathan Carter,New,Phoenix,AZ,West,2023,2,February,Feb,8,4,Friday,Fri,24,1,Q1,False,True,2023-02,2023Q1,2023-W08,13,Afternoon,Winter
ORD-10572,2023-02-28,08:17:31,2023-02-28 08:17:31,Smart Watch Series 5,Electronics,1,449.99,180.0,0,0.0,449.99,449.99,180.0,269.99,60.0,Amazon,Apple Pay,Refunded,travis48@example.com,Scott Smith PhD,New,San Diego,CA,West,2023,2,February,Feb,9,1,Tuesday,Tue,28,1,Q1,False,True,2023-02,2023Q1,2023-W09,8,Morning,Winter
ORD-11565,2023-03-01,13:15:54,2023-03-01 13:15:54,SQL for Beginners,Digital,1,79.99,5.0,0,0.0,79.99,79.99,5.0,74.99,93.75,Website,Apple Pay,Refunded,iguzman@example.net,Laura Melendez,New,San Antonio,TX,South,2023,3,March,Mar,9,2,Wednesday,Wed,1,1,Q1,False,True,2023-03,2023Q1,2023-W09,13,Afternoon,Spring
ORD-10491,2023-03-01,14:43:03,2023-03-01 14:43:03,Bluetooth Speaker,Electronics,1,129.99,45.0,0,0.0,129.99,129.99,45.0,84.99,65.38,Amazon,Apple Pay,Refunded,cassidy56@example.com,Aaron Reese,Returning,San Antonio,TX,South,2023,3,March,Mar,9,2,Wednesday,Wed,1,1,Q1,False,True,2023-03,2023Q1,2023-W09,14,Afternoon,Spring
ORD-11396,2023-03-04,07:10:48,2023-03-04 07:10:48,Smart Watch Series 5,Electronics,1,449.99,180.0,0,0.0,449.99,449.99,180.0,269.99,60.0,Amazon,Credit Card,Refunded,tcaldwell@example.org,Jose Herrera,Returning,Atlanta,GA,South,2023,3,March,Mar,9,5,Saturday,Sat,4,1,Q1,True,False,2023-03,2023Q1,2023-W09,7,Morning,Spring
ORD-14010,2023-03-11,10:10:42,2023-03-11 10:10:42,Screen Protector,Accessories,2,19.99,4.0,10,4.0,39.98,35.98,8.0,27.98,77.77,Mobile App,Credit Card,Refunded,moraleshannah@example.com,Robert Lewis,Returning,New York,NY,Northeast,2023,3,March,Mar,10,5,Saturday,Sat,11,1,Q1,True,False,2023-03,2023Q1,2023-W10,10,Morning,Spring
ORD-10616,2023-03-11,11:05:52,2023-03-11 11:05:52,Monitor Stand,Office,1,89.99,28.0,0,0.0,89.99,89.99,28.0,61.99,68.89,Social Media,Debit Card,Refunded,joseph47@example.org,Phillip Morton,Returning,Miami,FL,South,2023,3,March,Mar,10,5,Saturday,Sat,11,1,Q1,True,False,2023-03,2023Q1,2023-W10,11,Morning,Spring
ORD-11008,2023-03-11,11:07:52,2023-03-11 11:07:52,Desk Organizer,Office,2,49.99,15.0,0,0.0,99.98,99.98,30.0,69.98,69.99,Website,Bank Transfer,Refunded,virginia98@example.org,Frederick Kennedy,New,Boston,MA,Northeast,2023,3,March,Mar,10,5,Saturday,Sat,11,1,Q1,True,False,2023-03,2023Q1,2023-W10,11,Morning,Spring
ORD-14848,2023-03-13,10:19:24,2023-03-13 10:19:24,Bluetooth Speaker,Electronics,3,129.99,45.0,5,19.5,389.97,370.47,135.0,235.47,63.56,Mobile App,PayPal,Refunded,david29@example.com,Christopher Goodwin,Returning,San Diego,CA,West,2023,3,March,Mar,11,0,Monday,Mon,13,1,Q1,False,True,2023-03,2023Q1,2023-W11,10,Morning,Spring
ORD-11148,2023-03-18,21:52:51,2023-03-18 21:52:51,Ergonomic Mouse,Office,2,69.99,22.0,0,0.0,139.98,139.98,44.0,95.98,68.57,Website,Apple Pay,Refunded,wrightdiane@example.com,Anthony Olson,Returning,Seattle,WA,West,2023,3,March,Mar,11,5,Saturday,Sat,18,1,Q1,True,False,2023-03,2023Q1,2023-W11,21,Night,Spring
ORD-13718,2023-03-20,13:36:55,2023-03-20 13:36:55,Screen Protector,Accessories,1,19.99,4.0,5,1.0,19.99,18.99,4.0,14.99,78.94,Email Campaign,PayPal,Refunded,zpowell@example.org,George Strickland,Returning,New York,NY,Northeast,2023,3,March,Mar,12,0,Monday,Mon,20,1,Q1,False,True,2023-03,2023Q1,2023-W12,13,Afternoon,Spring
ORD-10993,2023-03-23,21:34:34,2023-03-23 21:34:34,Laptop Bag Leather,Accessories,1,89.99,30.0,15,13.5,89.99,76.49,30.0,46.49,60.78,Mobile App,Apple Pay,Refunded,riveradavid@example.org,Derek Howard,Returning,New York,NY,Northeast,2023,3,March,Mar,12,3,Thursday,Thu,23,1,Q1,False,True,2023-03,2023Q1,2023-W12,21,Night,Spring
ORD-11399,2023-03-28,12:30:02,2023-03-28 12:30:02,Ergonomic Mouse,Office,1,69.99,22.0,0,0.0,69.99,69.99,22.0,47.99,68.57,Mobile App,PayPal,Refunded,jeffersonrodney@example.com,Elizabeth Jones,Returning,New York,NY,Northeast,2023,3,March,Mar,13,1,Tuesday,Tue,28,1,Q1,False,True,2023-03,2023Q1,2023-W13,12,Afternoon,Spring
ORD-11259,2023-03-29,12:58:55,2023-03-29 12:58:55,USB-C Hub 7-in-1,Accessories,1,79.99,25.0,5,4.0,79.99,75.99,25.0,50.99,67.1,Mobile App,Debit Card,Refunded,simskrystal@example.org,Andrea Brown,New,Miami,FL,South,2023,3,March,Mar,13,2,Wednesday,Wed,29,1,Q1,False,True,2023-03,2023Q1,2023-W13,12,Afternoon,Spring
ORD-11984,2023-03-29,14:03:13,2023-03-29 14:03:13,Laptop Pro X1,Electronics,1,1299.99,800.0,5,65.0,1299.99,1234.99,800.0,434.99,35.22,Social Media,Apple Pay,Refunded,alang@example.net,Joshua Lopez,New,Dallas,TX,South,2023,3,March,Mar,13,2,Wednesday,Wed,29,1,Q1,False,True,2023-03,2023Q1,2023-W13,14,Afternoon,Spring
ORD-10003,2023-03-30,18:34:07,2023-03-30 18:34:07,Desk Organizer,Office,1,49.99,15.0,0,0.0,49.99,49.99,15.0,34.99,69.99,Mobile App,Credit Card,Refunded,shannon01@example.org,Rachael Blake,New,Denver,CO,West,2023,3,March,Mar,13,3,Thursday,Thu,30,1,Q1,False,True,2023-03,2023Q1,2023-W13,18,Evening,Spring
ORD-11343,2023-04-02,11:01:26,2023-04-02 11:01:26,Smart Watch Series 5,Electronics,1,449.99,180.0,15,67.5,449.99,382.49,180.0,202.49,52.94,Mobile App,PayPal,Refunded,johnny88@example.org,Mrs. Elizabeth Johnson,New,Minneapolis,MN,Midwest,2023,4,April,Apr,13,6,Sunday,Sun,2,2,Q2,True,False,2023-04,2023Q2,2023-W14,11,Morning,Spring
ORD-11855,2023-04-02,13:34:50,2023-04-02 13:34:50,Excel Masterclass,Digital,1,99.99,5.0,25,25.0,99.99,74.99,5.0,69.99,93.33,Mobile App,Apple Pay,Refunded,belindafitzgerald@example.org,Amy Richards,New,Los Angeles,CA,West,2023,4,April,Apr,13,6,Sunday,Sun,2,2,Q2,True,False,2023-04,2023Q2,2023-W14,13,Afternoon,Spring
ORD-13126,2023-04-05,17:44:16,2023-04-05 17:44:16,Desk Organizer,Office,1,49.99,15.0,0,0.0,49.99,49.99,15.0,34.99,69.99,Amazon,Debit Card,Refunded,wknight@example.org,Amanda Murphy,Returning,San Antonio,TX,South,2023,4,April,Apr,14,2,Wednesday,Wed,5,2,Q2,False,True,2023-04,2023Q2,2023-W14,17,Evening,Spring
ORD-13995,2023-04-06,18:41:06,2023-04-06 18:41:06,Mechanical Keyboard,Office,1,159.99,65.0,0,0.0,159.99,159.99,65.0,94.99,59.37,Mobile App,PayPal,Refunded,lance01@example.net,Jason Bowman,Returning,San Antonio,TX,South,2023,4,April,Apr,14,3,Thursday,Thu,6,2,Q2,False,True,2023-04,2023Q2,2023-W14,18,Evening,Spring
ORD-11108,2023-04-09,19:03:58,2023-04-09 19:03:58,SQL for Beginners,Digital,1,79.99,5.0,0,0.0,79.99,79.99,5.0,74.99,93.75,Website,Bank Transfer,Refunded,richardhart@example.com,Megan Figueroa,New,New York,NY,Northeast,2023,4,April,Apr,14,6,Sunday,Sun,9,2,Q2,True,False,2023-04,2023Q2,2023-W15,19,Evening,Spring
ORD-11885,2023-04-15,17:16:06,2023-04-15 17:16:06,Data Science Bundle,Digital,2,299.99,5.0,5,30.0,599.98,569.98,10.0,559.98,98.25,Email Campaign,Credit Card,Refunded,wilsondavid@example.org,Michelle Harris,New,Miami,FL,South,2023,4,April,Apr,15,5,Saturday,Sat,15,2,Q2,True,False,2023-04,2023Q2,2023-W15,17,Evening,Spring
ORD-11315,2023-04-16,11:09:57,2023-04-16 11:09:57,Bluetooth Speaker,Electronics,1,129.99,45.0,0,0.0,129.99,129.99,45.0,84.99,65.38,Social Media,Credit Card,Refunded,cphillips@example.org,Jamie Hughes,New,San Diego,CA,West,2023,4,April,Apr,15,6,Sunday,Sun,16,2,Q2,True,False,2023-04,2023Q2,2023-W16,11,Morning,Spring
ORD-12006,2023-04-24,15:14:21,2023-04-24 15:14:21,Screen Protector,Accessories,1,19.99,4.0,20,4.0,19.99,15.99,4.0,11.99,74.99,Website,PayPal,Refunded,ralexander@example.net,Jason Myers,New,San Antonio,TX,South,2023,4,April,Apr,17,0,Monday,Mon,24,2,Q2,False,True,2023-04,2023Q2,2023-W17,15,Afternoon,Spring
ORD-12948,2023-04-25,12:23:21,2023-04-25 12:23:21,Screen Protector,Accessories,2,19.99,4.0,0,0.0,39.98,39.98,8.0,31.98,79.99,Mobile App,Apple Pay,Refunded,xgrant@example.net,Curtis Richards,New,Seattle,WA,West,2023,4,April,Apr,17,1,Tuesday,Tue,25,2,Q2,False,True,2023-04,2023Q2,2023-W17,12,Afternoon,Spring
ORD-13716,2023-04-25,22:40:00,2023-04-25 22:40:00,Ergonomic Mouse,Office,1,69.99,22.0,5,3.5,69.99,66.49,22.0,44.49,66.91,Amazon,Bank Transfer,Refunded,osimmons@example.net,Justin Holland,Returning,Dallas,TX,South,2023,4,April,Apr,17,1,Tuesday,Tue,25,2,Q2,False,True,2023-04,2023Q2,2023-W17,22,Night,Spring
ORD-10768,2023-04-28,22:55:21,2023-04-28 22:55:21,Bluetooth Speaker,Electronics,1,129.99,45.0,15,19.5,129.99,110.49,45.0,65.49,59.27,Website,Bank Transfer,Refunded,christopher71@example.com,Christina Lynch,New,San Antonio,TX,South,2023,4,April,Apr,17,4,Friday,Fri,28,2,Q2,False,True,2023-04,2023Q2,2023-W17,22,Night,Spring
ORD-14137,2023-04-29,20:35:58,2023-04-29 20:35:58,Ergonomic Mouse,Office,4,69.99,22.0,0,0.0,279.96,279.96,88.0,191.96,68.57,Website,PayPal,Refunded,william26@example.com,Christopher Harrington,New,Los Angeles,CA,West,2023,4,April,Apr,17,5,Saturday,Sat,29,2,Q2,True,False,2023-04,2023Q2,2023-W17,20,Evening,Spring
ORD-13211,2023-04-30,20:44:35,2023-04-30 20:44:35,Mechanical Keyboard,Office,1,159.99,65.0,0,0.0,159.99,159.99,65.0,94.99,59.37,Social Media,Credit Card,Refunded,gary32@example.org,Sarah Williams,New,Dallas,TX,South,2023,4,April,Apr,17,6,Sunday,Sun,30,2,Q2,True,False,2023-04,2023Q2,2023-W18,20,Evening,Spring
ORD-12757,2023-05-02,03:06:47,2023-05-02 03:06:47,Excel Masterclass,Digital,1,99.99,5.0,0,0.0,99.99,99.99,5.0,94.99,95.0,Website,Credit Card,Refunded,kimberlywhitaker@example.net,Victor Vance,New,New York,NY,Northeast,2023,5,May,May,18,1,Tuesday,Tue,2,2,Q2,False,True,2023-05,2023Q2,2023-W18,3,Night,Spring
ORD-13252,2023-05-04,15:56:05,2023-05-04 15:56:05,Python Course,Digital,2,199.99,5.0,5,20.0,399.98,379.98,10.0,369.98,97.37,Amazon,Apple Pay,Refunded,swells@example.net,Donald Wilson,Returning,Phoenix,AZ,West,2023,5,May,May,18,3,Thursday,Thu,4,2,Q2,False,True,2023-05,2023Q2,2023-W18,15,Afternoon,Spring
ORD-10948,2023-05-07,16:07:02,2023-05-07 16:07:02,Smart Watch Series 5,Electronics,1,449.99,180.0,0,0.0,449.99,449.99,180.0,269.99,60.0,Website,Apple Pay,Refunded,hawkinsdaniel@example.org,Sally Brown,New,Denver,CO,West,2023,5,May,May,18,6,Sunday,Sun,7,2,Q2,True,False,2023-05,2023Q2,2023-W19,16,Afternoon,Spring
ORD-11761,2023-05-08,06:25:34,2023-05-08 06:25:34,Ergonomic Mouse,Office,1,69.99,22.0,0,0.0,69.99,69.99,22.0,47.99,68.57,Website,Bank Transfer,Refunded,zacharymay@example.net,Anna Johnson,New,San Antonio,TX,South,2023,5,May,May,19,0,Monday,Mon,8,2,Q2,False,True,2023-05,2023Q2,2023-W19,6,Morning,Spring
ORD-12245,2023-05-30,05:09:45,2023-05-30 05:09:45,Python Course,Digital,1,199.99,5.0,0,0.0,199.99,199.99,5.0,194.99,97.5,Email Campaign,PayPal,Refunded,dillonbradley@example.com,Mark Lucas,New,Phoenix,AZ,West,2023,5,May,May,22,1,Tuesday,Tue,30,2,Q2,False,True,2023-05,2023Q2,2023-W22,5,Morning,Spring
ORD-11442,2023-05-30,19:20:03,2023-05-30 19:20:03,Mechanical Keyboard,Office,1,159.99,65.0,0,0.0,159.99,159.99,65.0,94.99,59.37,Email Campaign,Apple Pay,Refunded,barrettjennifer@example.net,Jose Jimenez,New,Denver,CO,West,2023,5,May,May,22,1,Tuesday,Tue,30,2,Q2,False,True,2023-05,2023Q2,2023-W22,19,Evening,Spring
ORD-10796,2023-06-02,15:16:24,2023-06-02 15:16:24,Phone Case Premium,Accessories,1,34.99,8.0,0,0.0,34.99,34.99,8.0,26.99,77.14,Website,Debit Card,Refunded,brian70@example.com,Margaret Curtis,New,Phoenix,AZ,West,2023,6,June,Jun,22,4,Friday,Fri,2,2,Q2,False,True,2023-06,2023Q2,2023-W22,15,Afternoon,Summer
ORD-10257,2023-06-07,14:32:23,2023-06-07 14:32:23,Wireless Headphones,Electronics,1,299.99,120.0,5,15.0,299.99,284.99,120.0,164.99,57.89,Amazon,Credit Card,Refunded,heathermurphy@example.org,Wendy Welch MD,Returning,Philadelphia,PA,Northeast,2023,6,June,Jun,23,2,Wednesday,Wed,7,2,Q2,False,True,2023-06,2023Q2,2023-W23,14,Afternoon,Summer
ORD-10805,2023-06-07,18:05:10,2023-06-07 18:05:10,Wireless Headphones,Electronics,1,299.99,120.0,0,0.0,299.99,299.99,120.0,179.99,60.0,Email Campaign,Apple Pay,Refunded,zball@example.org,Miss Christina Phillips,New,Minneapolis,MN,Midwest,2023,6,June,Jun,23,2,Wednesday,Wed,7,2,Q2,False,True,2023-06,2023Q2,2023-W23,18,Evening,Summer
ORD-14690,2023-06-10,09:08:30,2023-06-10 09:08:30,Laptop Bag Leather,Accessories,1,89.99,30.0,15,13.5,89.99,76.49,30.0,46.49,60.78,Amazon,PayPal,Refunded,paula07@example.com,Erik Sutton,New,Chicago,IL,Midwest,2023,6,June,Jun,23,5,Saturday,Sat,10,2,Q2,True,False,2023-06,2023Q2,2023-W23,9,Morning,Summer
ORD-10171,2023-06-11,12:28:41,2023-06-11 12:28:41,Python Course,Digital,2,199.99,5.0,0,0.0,399.98,399.98,10.0,389.98,97.5,Amazon,Debit Card,Refunded,william65@example.org,Cole Herrera,New,Miami,FL,South,2023,6,June,Jun,23,6,Sunday,Sun,11,2,Q2,True,False,2023-06,2023Q2,2023-W24,12,Afternoon,Summer
ORD-13637,2023-06-12,19:28:16,2023-06-12 19:28:16,Data Science Bundle,Digital,5,299.99,5.0,0,0.0,1499.95,1499.95,25.0,1474.95,98.33,Email Campaign,PayPal,Refunded,gmartinez@example.org,Carly Bradford,Returning,Philadelphia,PA,Northeast,2023,6,June,Jun,24,0,Monday,Mon,12,2,Q2,False,True,2023-06,2023Q2,2023-W24,19,Evening,Summer
ORD-13141,2023-06-18,17:40:52,2023-06-18 17:40:52,Desk Organizer,Office,1,49.99,15.0,20,10.0,49.99,39.99,15.0,24.99,62.49,Social Media,Apple Pay,Refunded,herreracynthia@example.com,Kim Gonzalez,New,San Diego,CA,West,2023,6,June,Jun,24,6,Sunday,Sun,18,2,Q2,True,False,2023-06,2023Q2,2023-W25,17,Evening,Summer
ORD-10620,2023-06-22,13:11:25,2023-06-22 13:11:25,Desk Organizer,Office,3,49.99,15.0,15,22.5,149.97,127.47,45.0,82.47,64.7,Amazon,Debit Card,Refunded,rebeccabolton@example.net,Hector Yates,Returning,Houston,TX,South,2023,6,June,Jun,25,3,Thursday,Thu,22,2,Q2,False,True,2023-06,2023Q2,2023-W25,13,Afternoon,Summer
ORD-14698,2023-06-22,16:35:07,2023-06-22 16:35:07,Smart Watch Series 5,Electronics,2,449.99,180.0,5,45.0,899.98,854.98,360.0,494.98,57.89,Website,PayPal,Refunded,tinarichardson@example.org,Donald Porter,New,Seattle,WA,West,2023,6,June,Jun,25,3,Thursday,Thu,22,2,Q2,False,True,2023-06,2023Q2,2023-W25,16,Afternoon,Summer
ORD-13177,2023-06-22,18:05:26,2023-06-22 18:05:26,Phone Case Premium,Accessories,5,34.99,8.0,0,0.0,174.95,174.95,40.0,134.95,77.14,Amazon,PayPal,Refunded,alexandriamoore@example.com,Jose Fuller,New,Minneapolis,MN,Midwest,2023,6,June,Jun,25,3,Thursday,Thu,22,2,Q2,False,True,2023-06,2023Q2,2023-W25,18,Evening,Summer
ORD-11409,2023-06-23,14:19:26,2023-06-23 14:19:26,Python Course,Digital,3,199.99,5.0,5,30.0,599.97,569.97,15.0,554.97,97.37,Website,Debit Card,Refunded,andrewbeltran@example.com,Travis Kim,New,Miami,FL,South,2023,6,June,Jun,25,4,Friday,Fri,23,2,Q2,False,True,2023-06,2023Q2,2023-W25,14,Afternoon,Summer
ORD-14295,2023-06-25,18:39:53,2023-06-25 18:39:53,SQL for Beginners,Digital,2,79.99,5.0,0,0.0,159.98,159.98,10.0,149.98,93.75,Amazon,Credit Card,Refunded,kmcmillan@example.net,Kristin Alexander MD,New,Minneapolis,MN,Midwest,2023,6,June,Jun,25,6,Sunday,Sun,25,2,Q2,True,False,2023-06,2023Q2,2023-W26,18,Evening,Summer
ORD-10520,2023-06-26,19:08:24,2023-06-26 19:08:24,Phone Case Premium,Accessories,3,34.99,8.0,10,10.5,104.97,94.47,24.0,70.47,74.6,Amazon,PayPal,Refunded,david61@example.org,Phillip Rodriguez,Returning,Phoenix,AZ,West,2023,6,June,Jun,26,0,Monday,Mon,26,2,Q2,False,True,2023-06,2023Q2,2023-W26,19,Evening,Summer
ORD-14849,2023-06-30,11:53:22,2023-06-30 11:53:22,SQL for Beginners,Digital,1,79.99,5.0,0,0.0,79.99,79.99,5.0,74.99,93.75,Email Campaign,PayPal,Refunded,kwilson@example.org,David Smith,New,Chicago,IL,Midwest,2023,6,June,Jun,26,4,Friday,Fri,30,2,Q2,False,True,2023-06,2023Q2,2023-W26,11,Morning,Summer
ORD-13359,2023-07-09,10:49:47,2023-07-09 10:49:47,SQL for Beginners,Digital,1,79.99,5.0,0,0.0,79.99,79.99,5.0,74.99,93.75,Website,PayPal,Refunded,amanda58@example.com,Jamie Gonzalez,New,Miami,FL,South,2023,7,July,Jul,27,6,Sunday,Sun,9,3,Q3,True,False,2023-07,2023Q3,2023-W28,10,Morning,Summer
ORD-13038,2023-07-14,07:03:33,2023-07-14 07:03:33,Excel Masterclass,Digital,3,99.99,5.0,0,0.0,299.97,299.97,15.0,284.97,95.0,Amazon,Debit Card,Refunded,danielbarker@example.org,Jonathan Williams,New,Philadelphia,PA,Northeast,2023,7,July,Jul,28,4,Friday,Fri,14,3,Q3,False,True,2023-07,2023Q3,2023-W28,7,Morning,Summer
ORD-12785,2023-07-16,19:21:33,2023-07-16 19:21:33,USB-C Hub 7-in-1,Accessories,3,79.99,25.0,10,24.0,239.97,215.97,75.0,140.97,65.27,Email Campaign,Credit Card,Refunded,lunamichelle@example.com,Michael Colon,New,Los Angeles,CA,West,2023,7,July,Jul,28,6,Sunday,Sun,16,3,Q3,True,False,2023-07,2023Q3,2023-W29,19,Evening,Summer
ORD-14666,2023-07-20,15:35:06,2023-07-20 15:35:06,Phone Case Premium,Accessories,1,34.99,8.0,10,3.5,34.99,31.49,8.0,23.49,74.6,Social Media,Bank Transfer,Refunded,qwang@example.org,Jerry Wood,Returning,Atlanta,GA,South,2023,7,July,Jul,29,3,Thursday,Thu,20,3,Q3,False,True,2023-07,2023Q3,2023-W29,15,Afternoon,Summer
ORD-14858,2023-07-20,16:10:41,2023-07-20 16:10:41,Laptop Pro X1,Electronics,1,1299.99,800.0,20,260.0,1299.99,1039.99,800.0,239.99,23.08,Website,Debit Card,Refunded,russellponce@example.net,Daniel West,New,Los Angeles,CA,West,2023,7,July,Jul,29,3,Thursday,Thu,20,3,Q3,False,True,2023-07,2023Q3,2023-W29,16,Afternoon,Summer
ORD-13789,2023-07-22,12:21:47,2023-07-22 12:21:47,Screen Protector,Accessories,1,19.99,4.0,0,0.0,19.99,19.99,4.0,15.99,79.99,Website,Debit Card,Refunded,burnsjoseph@example.org,Shelly Taylor,New,Denver,CO,West,2023,7,July,Jul,29,5,Saturday,Sat,22,3,Q3,True,False,2023-07,2023Q3,2023-W29,12,Afternoon,Summer
ORD-14480,2023-07-25,07:15:05,2023-07-25 07:15:05,Wireless Headphones,Electronics,1,299.99,120.0,0,0.0,299.99,299.99,120.0,179.99,60.0,Social Media,Credit Card,Refunded,gabrielhoward@example.com,Amber Williams,New,Seattle,WA,West,2023,7,July,Jul,30,1,Tuesday,Tue,25,3,Q3,False,True,2023-07,2023Q3,2023-W30,7,Morning,Summer
ORD-10740,2023-07-30,13:19:28,2023-07-30 13:19:28,Wireless Headphones,Electronics,1,299.99,120.0,0,0.0,299.99,299.99,120.0,179.99,60.0,Mobile App,Debit Card,Refunded,tuckerchristopher@example.org,Sandra Ross,New,San Antonio,TX,South,2023,7,July,Jul,30,6,Sunday,Sun,30,3,Q3,True,False,2023-07,2023Q3,2023-W31,13,Afternoon,Summer
ORD-14061,2023-08-05,19:33:06,2023-08-05 19:33:06,Desk Organizer,Office,2,49.99,15.0,0,0.0,99.98,99.98,30.0,69.98,69.99,Amazon,PayPal,Refunded,belinda79@example.com,Adriana Quinn,New,Denver,CO,West,2023,8,August,Aug,31,5,Saturday,Sat,5,3,Q3,True,False,2023-08,2023Q3,2023-W31,19,Evening,Summer
ORD-14757,2023-08-09,07:29:30,2023-08-09 07:29:30,Desk Organizer,Office,1,49.99,15.0,25,12.5,49.99,37.49,15.0,22.49,59.99,Amazon,Apple Pay,Refunded,omills@example.net,Meagan Alvarez,Returning,Los Angeles,CA,West,2023,8,August,Aug,32,2,Wednesday,Wed,9,3,Q3,False,True,2023-08,2023Q3,2023-W32,7,Morning,Summer
ORD-13107,2023-08-12,14:55:18,2023-08-12 14:55:18,USB-C Hub 7-in-1,Accessories,1,79.99,25.0,0,0.0,79.99,79.99,25.0,54.99,68.75,Website,Credit Card,Refunded,michellewalker@example.net,Bethany Martinez,Returning,Houston,TX,South,2023,8,August,Aug,32,5,Saturday,Sat,12,3,Q3,True,False,2023-08,2023Q3,2023-W32,14,Afternoon,Summer
ORD-13176,2023-08-13,09:28:22,2023-08-13 09:28:22,Screen Protector,Accessories,1,19.99,4.0,10,2.0,19.99,17.99,4.0,13.99,77.77,Email Campaign,Debit Card,Refunded,wardregina@example.net,Phillip Leon,New,Philadelphia,PA,Northeast,2023,8,August,Aug,32,6,Sunday,Sun,13,3,Q3,True,False,2023-08,2023Q3,2023-W33,9,Morning,Summer
ORD-12474,2023-08-16,09:10:34,2023-08-16 09:10:34,Laptop Bag Leather,Accessories,3,89.99,30.0,0,0.0,269.97,269.97,90.0,179.97,66.66,Mobile App,PayPal,Refunded,emilyblevins@example.org,Kimberly Mcclure,New,New York,NY,Northeast,2023,8,August,Aug,33,2,Wednesday,Wed,16,3,Q3,False,True,2023-08,2023Q3,2023-W33,9,Morning,Summer
ORD-10646,2023-08-18,19:44:12,2023-08-18 19:44:12,Laptop Pro X1,Electronics,1,1299.99,800.0,5,65.0,1299.99,1234.99,800.0,434.99,35.22,Mobile App,Credit Card,Refunded,dmelton@example.org,Pamela Wiggins,Returning,Denver,CO,West,2023,8,August,Aug,33,4,Friday,Fri,18,3,Q3,False,True,2023-08,2023Q3,2023-W33,19,Evening,Summer
ORD-14269,2023-08-21,17:49:21,2023-08-21 17:49:21,Python Course,Digital,1,199.99,5.0,0,0.0,199.99,199.99,5.0,194.99,97.5,Website,Credit Card,Refunded,susan83@example.net,Kelli Williams,Returning,Houston,TX,South,2023,8,August,Aug,34,0,Monday,Mon,21,3,Q3,False,True,2023-08,2023Q3,2023-W34,17,Evening,Summer
ORD-13843,2023-08-22,09:20:59,2023-08-22 09:20:59,Desk Organizer,Office,1,49.99,15.0,0,0.0,49.99,49.99,15.0,34.99,69.99,Website,PayPal,Refunded,marie55@example.com,Mr. Mario Fox,New,New York,NY,Northeast,2023,8,August,Aug,34,1,Tuesday,Tue,22,3,Q3,False,True,2023-08,2023Q3,2023-W34,9,Morning,Summer
ORD-11808,2023-08-22,18:36:15,2023-08-22 18:36:15,Monitor Stand,Office,2,89.99,28.0,0,0.0,179.98,179.98,56.0,123.98,68.89,Website,Bank Transfer,Refunded,michael78@example.org,Alexis Brown,Returning,Minneapolis,MN,Midwest,2023,8,August,Aug,34,1,Tuesday,Tue,22,3,Q3,False,True,2023-08,2023Q3,2023-W34,18,Evening,Summer
ORD-14359,2023-08-23,09:13:29,2023-08-23 09:13:29,Wireless Headphones,Electronics,2,299.99,120.0,0,0.0,599.98,599.98,240.0,359.98,60.0,Amazon,Debit Card,Refunded,hernandezjoseph@example.net,Barbara Montes,New,Seattle,WA,West,2023,8,August,Aug,34,2,Wednesday,Wed,23,3,Q3,False,True,2023-08,2023Q3,2023-W34,9,Morning,Summer
ORD-10599,2023-08-23,12:01:34,2023-08-23 12:01:34,Excel Masterclass,Digital,1,99.99,5.0,10,10.0,99.99,89.99,5.0,84.99,94.44,Website,Apple Pay,Refunded,djones@example.org,Rebecca Wall,New,San Antonio,TX,South,2023,8,August,Aug,34,2,Wednesday,Wed,23,3,Q3,False,True,2023-08,2023Q3,2023-W34,12,Afternoon,Summer
ORD-12179,2023-08-25,21:22:42,2023-08-25 21:22:42,Laptop Pro X1,Electronics,2,1299.99,800.0,20,520.0,2599.98,2079.98,1600.0,479.98,23.08,Website,Bank Transfer,Refunded,virginia98@example.org,Allison Johnson,Returning,Philadelphia,PA,Northeast,2023,8,August,Aug,34,4,Friday,Fri,25,3,Q3,False,True,2023-08,2023Q3,2023-W34,21,Night,Summer
ORD-10326,2023-08-26,07:48:56,2023-08-26 07:48:56,Wireless Headphones,Electronics,1,299.99,120.0,0,0.0,299.99,299.99,120.0,179.99,60.0,Email Campaign,PayPal,Refunded,fwilliams@example.net,Robert Richardson,Returning,Denver,CO,West,2023,8,August,Aug,34,5,Saturday,Sat,26,3,Q3,True,False,2023-08,2023Q3,2023-W34,7,Morning,Summer
ORD-14491,2023-08-28,06:22:07,2023-08-28 06:22:07,Monitor Stand,Office,1,89.99,28.0,0,0.0,89.99,89.99,28.0,61.99,68.89,Social Media,Debit Card,Refunded,isaac92@example.org,Meagan Patrick,Returning,Dallas,TX,South,2023,8,August,Aug,35,0,Monday,Mon,28,3,Q3,False,True,2023-08,2023Q3,2023-W35,6,Morning,Summer
ORD-14826,2023-08-29,11:35:37,2023-08-29 11:35:37,Laptop Pro X1,Electronics,1,1299.99,800.0,0,0.0,1299.99,1299.99,800.0,499.99,38.46,Social Media,Bank Transfer,Refunded,millerandrew@example.net,Loretta Love,New,Los Angeles,CA,West,2023,8,August,Aug,35,1,Tuesday,Tue,29,3,Q3,False,True,2023-08,2023Q3,2023-W35,11,Morning,Summer
ORD-12846,2023-08-30,15:03:53,2023-08-30 15:03:53,Smart Watch Series 5,Electronics,1,449.99,180.0,15,67.5,449.99,382.49,180.0,202.49,52.94,Amazon,Debit Card,Refunded,cameron55@example.com,Lori Robertson,New,Denver,CO,West,2023,8,August,Aug,35,2,Wednesday,Wed,30,3,Q3,False,True,2023-08,2023Q3,2023-W35,15,Afternoon,Summer
ORD-10594,2023-09-01,13:20:54,2023-09-01 13:20:54,Desk Organizer,Office,1,49.99,15.0,0,0.0,49.99,49.99,15.0,34.99,69.99,Website,Debit Card,Refunded,mcclurealexander@example.org,Jasmine Macias,New,Chicago,IL,Midwest,2023,9,September,Sep,35,4,Friday,Fri,1,3,Q3,False,True,2023-09,2023Q3,2023-W35,13,Afternoon,Fall
ORD-10573,2023-09-02,13:46:36,2023-09-02 13:46:36,Laptop Pro X1,Electronics,2,1299.99,800.0,0,0.0,2599.98,2599.98,1600.0,999.98,38.46,Website,Debit Card,Refunded,bruce24@example.org,Alexander Soto,Returning,New York,NY,Northeast,2023,9,September,Sep,35,5,Saturday,Sat,2,3,Q3,True,False,2023-09,2023Q3,2023-W35,13,Afternoon,Fall
ORD-14678,2023-09-02,17:31:00,2023-09-02 17:31:00,Desk Organizer,Office,1,49.99,15.0,20,10.0,49.99,39.99,15.0,24.99,62.49,Email Campaign,Credit Card,Refunded,danielwilliams@example.org,Michael Adams,Returning,Phoenix,AZ,West,2023,9,September,Sep,35,5,Saturday,Sat,2,3,Q3,True,False,2023-09,2023Q3,2023-W35,17,Evening,Fall
ORD-13059,2023-09-03,06:10:28,2023-09-03 06:10:28,Excel Masterclass,Digital,3,99.99,5.0,0,0.0,299.97,299.97,15.0,284.97,95.0,Website,Credit Card,Refunded,duncanrichard@example.org,Samantha Garcia,New,Atlanta,GA,South,2023,9,September,Sep,35,6,Sunday,Sun,3,3,Q3,True,False,2023-09,2023Q3,2023-W36,6,Morning,Fall
ORD-11251,2023-09-03,12:16:29,2023-09-03 12:16:29,Laptop Bag Leather,Accessories,1,89.99,30.0,5,4.5,89.99,85.49,30.0,55.49,64.91,Email Campaign,Debit Card,Refunded,jimbradley@example.com,Joshua Maldonado,New,Denver,CO,West,2023,9,September,Sep,35,6,Sunday,Sun,3,3,Q3,True,False,2023-09,2023Q3,2023-W36,12,Afternoon,Fall
ORD-10678,2023-09-11,17:05:12,2023-09-11 17:05:12,Wireless Headphones,Electronics,4,299.99,120.0,5,60.0,1199.96,1139.96,480.0,659.96,57.89,Website,Bank Transfer,Refunded,brewerjulia@example.net,Jason Curtis,New,Atlanta,GA,South,2023,9,September,Sep,37,0,Monday,Mon,11,3,Q3,False,True,2023-09,2023Q3,2023-W37,17,Evening,Fall
ORD-12859,2023-09-13,13:24:10,2023-09-13 13:24:10,Monitor Stand,Office,2,89.99,28.0,15,27.0,179.98,152.98,56.0,96.98,63.39,Social Media,Apple Pay,Refunded,elizabethbrown@example.net,Denise Holt,Returning,Phoenix,AZ,West,2023,9,September,Sep,37,2,Wednesday,Wed,13,3,Q3,False,True,2023-09,2023Q3,2023-W37,13,Afternoon,Fall
ORD-10793,2023-09-13,15:23:34,2023-09-13 15:23:34,Phone Case Premium,Accessories,1,34.99,8.0,20,7.0,34.99,27.99,8.0,19.99,71.42,Mobile App,PayPal,Refunded,youngamanda@example.net,Jennifer Forbes,Returning,New York,NY,Northeast,2023,9,September,Sep,37,2,Wednesday,Wed,13,3,Q3,False,True,2023-09,2023Q3,2023-W37,15,Afternoon,Fall
ORD-11488,2023-09-16,10:09:56,2023-09-16 10:09:56,Laptop Pro X1,Electronics,2,1299.99,800.0,5,130.0,2599.98,2469.98,1600.0,869.98,35.22,Mobile App,Apple Pay,Refunded,angelaglover@example.org,Donald Hoffman,Returning,New York,NY,Northeast,2023,9,September,Sep,37,5,Saturday,Sat,16,3,Q3,True,False,2023-09,2023Q3,2023-W37,10,Morning,Fall
ORD-12002,2023-09-16,13:01:00,2023-09-16 13:01:00,Smart Watch Series 5,Electronics,1,449.99,180.0,0,0.0,449.99,449.99,180.0,269.99,60.0,Website,Bank Transfer,Refunded,jeffreystewart@example.net,Elizabeth Davies,New,Denver,CO,West,2023,9,September,Sep,37,5,Saturday,Sat,16,3,Q3,True,False,2023-09,2023Q3,2023-W37,13,Afternoon,Fall
ORD-14918,2023-09-18,18:27:06,2023-09-18 18:27:06,Laptop Bag Leather,Accessories,1,89.99,30.0,10,9.0,89.99,80.99,30.0,50.99,62.96,Social Media,Credit Card,Refunded,kellyobrien@example.net,Connie Fox,New,Chicago,IL,Midwest,2023,9,September,Sep,38,0,Monday,Mon,18,3,Q3,False,True,2023-09,2023Q3,2023-W38,18,Evening,Fall
ORD-14105,2023-09-22,10:47:44,2023-09-22 10:47:44,Laptop Bag Leather,Accessories,1,89.99,30.0,0,0.0,89.99,89.99,30.0,59.99,66.66,Mobile App,Bank Transfer,Refunded,vmartinez@example.net,Jeffery Woods,New,Dallas,TX,South,2023,9,September,Sep,38,4,Friday,Fri,22,3,Q3,False,True,2023-09,2023Q3,2023-W38,10,Morning,Fall
ORD-10151,2023-09-22,13:58:55,2023-09-22 13:58:55,Wireless Headphones,Electronics,2,299.99,120.0,5,30.0,599.98,569.98,240.0,329.98,57.89,Website,Bank Transfer,Refunded,teresa65@example.net,Kevin Gilmore,Returning,Phoenix,AZ,West,2023,9,September,Sep,38,4,Friday,Fri,22,3,Q3,False,True,2023-09,2023Q3,2023-W38,13,Afternoon,Fall
ORD-14513,2023-09-26,12:50:05,2023-09-26 12:50:05,Excel Masterclass,Digital,1,99.99,5.0,5,5.0,99.99,94.99,5.0,89.99,94.74,Email Campaign,Apple Pay,Refunded,hpennington@example.net,Deborah Garcia,Returning,Houston,TX,South,2023,9,September,Sep,39,1,Tuesday,Tue,26,3,Q3,False,True,2023-09,2023Q3,2023-W39,12,Afternoon,Fall
ORD-12089,2023-10-01,14:09:14,2023-10-01 14:09:14,Monitor Stand,Office,1,89.99,28.0,5,4.5,89.99,85.49,28.0,57.49,67.25,Website,Bank Transfer,Refunded,isims@example.com,Corey Scott,Returning,Seattle,WA,West,2023,10,October,Oct,39,6,Sunday,Sun,1,4,Q4,True,False,2023-10,2023Q4,2023-W40,14,Afternoon,Fall
ORD-11414,2023-10-03,13:20:14,2023-10-03 13:20:14,Wireless Headphones,Electronics,3,299.99,120.0,15,135.0,899.97,764.97,360.0,404.97,52.94,Amazon,Bank Transfer,Refunded,austinmiles@example.org,Shannon Rose,Returning,Boston,MA,Northeast,2023,10,October,Oct,40,1,Tuesday,Tue,3,4,Q4,False,True,2023-10,2023Q4,2023-W40,13,Afternoon,Fall
ORD-11310,2023-10-06,00:29:33,2023-10-06 00:29:33,Monitor Stand,Office,2,89.99,28.0,0,0.0,179.98,179.98,56.0,123.98,68.89,Mobile App,Bank Transfer,Refunded,mwest@example.org,Kevin Leon,New,Dallas,TX,South,2023,10,October,Oct,40,4,Friday,Fri,6,4,Q4,False,True,2023-10,2023Q4,2023-W40,0,Night,Fall
ORD-10861,2023-10-16,18:10:32,2023-10-16 18:10:32,Excel Masterclass,Digital,1,99.99,5.0,0,0.0,99.99,99.99,5.0,94.99,95.0,Website,Apple Pay,Refunded,kingcristina@example.org,Victoria Nelson,Returning,Phoenix,AZ,West,2023,10,October,Oct,42,0,Monday,Mon,16,4,Q4,False,True,2023-10,2023Q4,2023-W42,18,Evening,Fall
ORD-11314,2023-10-19,02:14:57,2023-10-19 02:14:57,Mechanical Keyboard,Office,1,159.99,65.0,0,0.0,159.99,159.99,65.0,94.99,59.37,Mobile App,Apple Pay,Refunded,brettjackson@example.net,Claudia Davis,New,Boston,MA,Northeast,2023,10,October,Oct,42,3,Thursday,Thu,19,4,Q4,False,True,2023-10,2023Q4,2023-W42,2,Night,Fall
ORD-10466,2023-10-19,14:41:28,2023-10-19 14:41:28,Smart Watch Series 5,Electronics,2,449.99,180.0,0,0.0,899.98,899.98,360.0,539.98,60.0,Mobile App,Apple Pay,Refunded,martinmichelle@example.org,Edward Colon,New,Atlanta,GA,South,2023,10,October,Oct,42,3,Thursday,Thu,19,4,Q4,False,True,2023-10,2023Q4,2023-W42,14,Afternoon,Fall
ORD-10247,2023-10-20,06:36:00,2023-10-20 06:36:00,Phone Case Premium,Accessories,1,34.99,8.0,10,3.5,34.99,31.49,8.0,23.49,74.6,Amazon,Apple Pay,Refunded,stanley27@example.com,Emily Wells,New,Denver,CO,West,2023,10,October,Oct,42,4,Friday,Fri,20,4,Q4,False,True,2023-10,2023Q4,2023-W42,6,Morning,Fall
ORD-10376,2023-10-28,06:16:59,2023-10-28 06:16:59,Phone Case Premium,Accessories,1,34.99,8.0,0,0.0,34.99,34.99,8.0,26.99,77.14,Amazon,PayPal,Refunded,rhonda72@example.net,Gabriel Clark,New,Seattle,WA,West,2023,10,October,Oct,43,5,Saturday,Sat,28,4,Q4,True,False,2023-10,2023Q4,2023-W43,6,Morning,Fall
ORD-13036,2023-10-28,14:51:38,2023-10-28 14:51:38,Bluetooth Speaker,Electronics,1,129.99,45.0,0,0.0,129.99,129.99,45.0,84.99,65.38,Email Campaign,Apple Pay,Refunded,yscott@example.net,Beverly Wheeler,New,Minneapolis,MN,Midwest,2023,10,October,Oct,43,5,Saturday,Sat,28,4,Q4,True,False,2023-10,2023Q4,2023-W43,14,Afternoon,Fall
ORD-12377,2023-10-29,20:57:45,2023-10-29 20:57:45,Monitor Stand,Office,1,89.99,28.0,5,4.5,89.99,85.49,28.0,57.49,67.25,Mobile App,Apple Pay,Refunded,sgarcia@example.org,Melissa Williams,New,Atlanta,GA,South,2023,10,October,Oct,43,6,Sunday,Sun,29,4,Q4,True,False,2023-10,2023Q4,2023-W44,20,Evening,Fall
ORD-12996,2023-11-02,22:21:36,2023-11-02 22:21:36,Laptop Bag Leather,Accessories,3,89.99,30.0,0,0.0,269.97,269.97,90.0,179.97,66.66,Email Campaign,PayPal,Refunded,changerin@example.net,Ashley Meyers,New,New York,NY,Northeast,2023,11,November,Nov,44,3,Thursday,Thu,2,4,Q4,False,True,2023-11,2023Q4,2023-W44,22,Night,Fall
ORD-14991,2023-11-03,10:31:09,2023-11-03 10:31:09,Screen Protector,Accessories,1,19.99,4.0,0,0.0,19.99,19.99,4.0,15.99,79.99,Social Media,Bank Transfer,Refunded,vincentphillip@example.org,Tara Miranda,New,Los Angeles,CA,West,2023,11,November,Nov,44,4,Friday,Fri,3,4,Q4,False,True,2023-11,2023Q4,2023-W44,10,Morning,Fall
ORD-14447,2023-11-11,17:49:49,2023-11-11 17:49:49,Python Course,Digital,1,199.99,5.0,20,40.0,199.99,159.99,5.0,154.99,96.87,Amazon,Apple Pay,Refunded,nathanlopez@example.org,Thomas Parker,Returning,San Diego,CA,West,2023,11,November,Nov,45,5,Saturday,Sat,11,4,Q4,True,False,2023-11,2023Q4,2023-W45,17,Evening,Fall
ORD-13675,2023-11-12,10:59:18,2023-11-12 10:59:18,Laptop Bag Leather,Accessories,1,89.99,30.0,0,0.0,89.99,89.99,30.0,59.99,66.66,Mobile App,PayPal,Refunded,xlee@example.com,Kristine Conner,Returning,San Diego,CA,West,2023,11,November,Nov,45,6,Sunday,Sun,12,4,Q4,True,False,2023-11,2023Q4,2023-W46,10,Morning,Fall
ORD-13489,2023-11-14,10:23:23,2023-11-14 10:23:23,USB-C Hub 7-in-1,Accessories,2,79.99,25.0,0,0.0,159.98,159.98,50.0,109.98,68.75,Social Media,Debit Card,Refunded,xspencer@example.com,Travis Larsen,New,San Diego,CA,West,2023,11,November,Nov,46,1,Tuesday,Tue,14,4,Q4,False,True,2023-11,2023Q4,2023-W46,10,Morning,Fall
ORD-11724,2023-11-14,10:50:50,2023-11-14 10:50:50,SQL for Beginners,Digital,3,79.99,5.0,0,0.0,239.97,239.97,15.0,224.97,93.75,Mobile App,PayPal,Refunded,james40@example.net,Calvin Green,New,Miami,FL,South,2023,11,November,Nov,46,1,Tuesday,Tue,14,4,Q4,False,True,2023-11,2023Q4,2023-W46,10,Morning,Fall
ORD-10754,2023-11-16,19:50:30,2023-11-16 19:50:30,Laptop Pro X1,Electronics,2,1299.99,800.0,0,0.0,2599.98,2599.98,1600.0,999.98,38.46,Mobile App,Debit Card,Refunded,dbeard@example.net,Cameron Singleton V,New,Los Angeles,CA,West,2023,11,November,Nov,46,3,Thursday,Thu,16,4,Q4,False,True,2023-11,2023Q4,2023-W46,19,Evening,Fall
ORD-14659,2023-11-26,10:16:36,2023-11-26 10:16:36,Python Course,Digital,2,199.99,5.0,0,0.0,399.98,399.98,10.0,389.98,97.5,Email Campaign,Apple Pay,Refunded,ricky61@example.com,Casey Mclaughlin,Returning,Los Angeles,CA,West,2023,11,November,Nov,47,6,Sunday,Sun,26,4,Q4,True,False,2023-11,2023Q4,2023-W48,10,Morning,Fall
ORD-13872,2023-11-27,13:57:29,2023-11-27 13:57:29,Monitor Stand,Office,2,89.99,28.0,15,27.0,179.98,152.98,56.0,96.98,63.39,Amazon,Debit Card,Refunded,tonya64@example.org,Alicia Russo,New,Phoenix,AZ,West,2023,11,November,Nov,48,0,Monday,Mon,27,4,Q4,False,True,2023-11,2023Q4,2023-W48,13,Afternoon,Fall
ORD-14642,2023-11-29,09:06:45,2023-11-29 09:06:45,USB-C Hub 7-in-1,Accessories,1,79.99,25.0,0,0.0,79.99,79.99,25.0,54.99,68.75,Mobile App,Bank Transfer,Refunded,lewisheather@example.net,Judith Williams,Returning,Philadelphia,PA,Northeast,2023,11,November,Nov,48,2,Wednesday,Wed,29,4,Q4,False,True,2023-11,2023Q4,2023-W48,9,Morning,Fall
ORD-14790,2023-11-29,21:33:53,2023-11-29 21:33:53,Laptop Pro X1,Electronics,1,1299.99,800.0,0,0.0,1299.99,1299.99,800.0,499.99,38.46,Amazon,PayPal,Refunded,ojones@example.net,Brian Price,New,San Antonio,TX,South,2023,11,November,Nov,48,2,Wednesday,Wed,29,4,Q4,False,True,2023-11,2023Q4,2023-W48,21,Night,Fall
ORD-12728,2023-11-30,11:38:21,2023-11-30 11:38:21,SQL for Beginners,Digital,1,79.99,5.0,20,16.0,79.99,63.99,5.0,58.99,92.19,Website,Bank Transfer,Refunded,harriselizabeth@example.com,Jennifer Johnson,Returning,San Diego,CA,West,2023,11,November,Nov,48,3,Thursday,Thu,30,4,Q4,False,True,2023-11,2023Q4,2023-W48,11,Morning,Fall
ORD-10355,2023-12-09,22:49:34,2023-12-09 22:49:34,Laptop Pro X1,Electronics,2,1299.99,800.0,0,0.0,2599.98,2599.98,1600.0,999.98,38.46,Mobile App,Credit Card,Refunded,jonesjohn@example.net,Andrea Thornton,New,Denver,CO,West,2023,12,December,Dec,49,5,Saturday,Sat,9,4,Q4,True,False,2023-12,2023Q4,2023-W49,22,Night,Winter
ORD-14379,2023-12-11,07:45:19,2023-12-11 07:45:19,Phone Case Premium,Accessories,1,34.99,8.0,5,1.75,34.99,33.24,8.0,25.24,75.93,Website,Apple Pay,Refunded,zscott@example.org,Sarah Christensen,New,Phoenix,AZ,West,2023,12,December,Dec,50,0,Monday,Mon,11,4,Q4,False,True,2023-12,2023Q4,2023-W50,7,Morning,Winter
ORD-12289,2023-12-25,15:25:29,2023-12-25 15:25:29,Phone Case Premium,Accessories,2,34.99,8.0,0,0.0,69.98,69.98,16.0,53.98,77.14,Amazon,Debit Card,Refunded,waltersjennifer@example.net,Michael Aguilar,Returning,San Diego,CA,West,2023,12,December,Dec,52,0,Monday,Mon,25,4,Q4,False,True,2023-12,2023Q4,2023-W52,15,Afternoon,Winter
ORD-11750,2023-12-29,19:06:53,2023-12-29 19:06:53,Phone Case Premium,Accessories,2,34.99,8.0,0,0.0,69.98,69.98,16.0,53.98,77.14,Website,PayPal,Refunded,wsmith@example.com,Beverly Peck,New,Phoenix,AZ,West,2023,12,December,Dec,52,4,Friday,Fri,29,4,Q4,False,True,2023-12,2023Q4,2023-W52,19,Evening,Winter
ORD-14455,2024-01-03,15:47:09,2024-01-03 15:47:09,SQL for Beginners,Digital,1,79.99,5.0,0,0.0,79.99,79.99,5.0,74.99,93.75,Mobile App,Apple Pay,Refunded,vdougherty@example.com,Stefanie Miller,Returning,Atlanta,GA,South,2024,1,January,Jan,1,2,Wednesday,Wed,3,1,Q1,False,True,2024-01,2024Q1,2024-W00,15,Afternoon,Winter
ORD-10208,2024-01-03,21:20:01,2024-01-03 21:20:01,Laptop Bag Leather,Accessories,1,89.99,30.0,10,9.0,89.99,80.99,30.0,50.99,62.96,Website,Bank Transfer,Refunded,lisamalone@example.net,Patrick Harmon,New,Boston,MA,Northeast,2024,1,January,Jan,1,2,Wednesday,Wed,3,1,Q1,False,True,2024-01,2024Q1,2024-W00,21,Night,Winter
ORD-13649,2024-01-04,11:19:05,2024-01-04 11:19:05,Screen Protector,Accessories,1,19.99,4.0,15,3.0,19.99,16.99,4.0,12.99,76.46,Amazon,Apple Pay,Refunded,richmonddavid@example.net,Michelle Randall,New,Los Angeles,CA,West,2024,1,January,Jan,1,3,Thursday,Thu,4,1,Q1,False,True,2024-01,2024Q1,2024-W00,11,Morning,Winter
ORD-14960,2024-01-05,02:55:22,2024-01-05 02:55:22,SQL for Beginners,Digital,1,79.99,5.0,0,0.0,79.99,79.99,5.0,74.99,93.75,Amazon,Bank Transfer,Refunded,liuamanda@example.net,Raven Davis,Returning,Los Angeles,CA,West,2024,1,January,Jan,1,4,Friday,Fri,5,1,Q1,False,True,2024-01,2024Q1,2024-W00,2,Night,Winter
ORD-10682,2024-01-07,03:03:19,2024-01-07 03:03:19,Desk Organizer,Office,1,49.99,15.0,0,0.0,49.99,49.99,15.0,34.99,69.99,Social Media,Credit Card,Refunded,randy41@example.com,Gabriel Brown,Returning,Minneapolis,MN,Midwest,2024,1,January,Jan,1,6,Sunday,Sun,7,1,Q1,True,False,2024-01,2024Q1,2024-W01,3,Night,Winter
ORD-13618,2024-01-07,10:10:58,2024-01-07 10:10:58,Wireless Headphones,Electronics,1,299.99,120.0,10,30.0,299.99,269.99,120.0,149.99,55.55,Social Media,Apple Pay,Refunded,michael82@example.net,James Fowler,New,Dallas,TX,South,2024,1,January,Jan,1,6,Sunday,Sun,7,1,Q1,True,False,2024-01,2024Q1,2024-W01,10,Morning,Winter
ORD-11122,2024-01-07,13:59:07,2024-01-07 13:59:07,Phone Case Premium,Accessories,1,34.99,8.0,0,0.0,34.99,34.99,8.0,26.99,77.14,Website,PayPal,Refunded,jskinner@example.com,Steven Garcia,New,San Antonio,TX,South,2024,1,January,Jan,1,6,Sunday,Sun,7,1,Q1,True,False,2024-01,2024Q1,2024-W01,13,Afternoon,Winter
ORD-14726,2024-01-09,12:55:21,2024-01-09 12:55:21,USB-C Hub 7-in-1,Accessories,1,79.99,25.0,0,0.0,79.99,79.99,25.0,54.99,68.75,Email Campaign,Debit Card,Refunded,nancy33@example.net,Megan Jacobs,Returning,Philadelphia,PA,Northeast,2024,1,January,Jan,2,1,Tuesday,Tue,9,1,Q1,False,True,2024-01,2024Q1,2024-W01,12,Afternoon,Winter
ORD-14237,2024-01-14,14:59:07,2024-01-14 14:59:07,Wireless Headphones,Electronics,2,299.99,120.0,0,0.0,599.98,599.98,240.0,359.98,60.0,Amazon,Bank Transfer,Refunded,ashleechang@example.org,Kurt Calhoun,New,Los Angeles,CA,West,2024,1,January,Jan,2,6,Sunday,Sun,14,1,Q1,True,False,2024-01,2024Q1,2024-W02,14,Afternoon,Winter
ORD-11556,2024-01-14,20:40:24,2024-01-14 20:40:24,Python Course,Digital,1,199.99,5.0,5,10.0,199.99,189.99,5.0,184.99,97.37,Amazon,Bank Transfer,Refunded,yalvarez@example.org,Scott Ho,New,Dallas,TX,South,2024,1,January,Jan,2,6,Sunday,Sun,14,1,Q1,True,False,2024-01,2024Q1,2024-W02,20,Evening,Winter
ORD-11466,2024-01-17,17:50:15,2024-01-17 17:50:15,SQL for Beginners,Digital,1,79.99,5.0,0,0.0,79.99,79.99,5.0,74.99,93.75,Amazon,Apple Pay,Refunded,zmorales@example.com,Deborah Arellano,New,New York,NY,Northeast,2024,1,January,Jan,3,2,Wednesday,Wed,17,1,Q1,False,True,2024-01,2024Q1,2024-W02,17,Evening,Winter
ORD-13354,2024-01-23,20:50:39,2024-01-23 20:50:39,USB-C Hub 7-in-1,Accessories,1,79.99,25.0,5,4.0,79.99,75.99,25.0,50.99,67.1,Amazon,Debit Card,Refunded,maxwellrhonda@example.org,Catherine Gonzalez,Returning,Phoenix,AZ,West,2024,1,January,Jan,4,1,Tuesday,Tue,23,1,Q1,False,True,2024-01,2024Q1,2024-W03,20,Evening,Winter
ORD-10041,2024-02-03,17:24:31,2024-02-03 17:24:31,Desk Organizer,Office,1,49.99,15.0,10,5.0,49.99,44.99,15.0,29.99,66.66,Social Media,Apple Pay,Refunded,andersonbrittany@example.net,Heather Booker,New,New York,NY,Northeast,2024,2,February,Feb,5,5,Saturday,Sat,3,1,Q1,True,False,2024-02,2024Q1,2024-W04,17,Evening,Winter
ORD-10756,2024-02-05,09:12:00,2024-02-05 09:12:00,Laptop Pro X1,Electronics,3,1299.99,800.0,10,390.0,3899.97,3509.97,2400.0,1109.97,31.62,Email Campaign,PayPal,Refunded,brian32@example.org,Donna Romero,New,Philadelphia,PA,Northeast,2024,2,February,Feb,6,0,Monday,Mon,5,1,Q1,False,True,2024-02,2024Q1,2024-W05,9,Morning,Winter
ORD-14235,2024-02-14,15:55:46,2024-02-14 15:55:46,Laptop Pro X1,Electronics,1,1299.99,800.0,5,65.0,1299.99,1234.99,800.0,434.99,35.22,Amazon,PayPal,Refunded,robertbailey@example.net,Kristy Murray,New,New York,NY,Northeast,2024,2,February,Feb,7,2,Wednesday,Wed,14,1,Q1,False,True,2024-02,2024Q1,2024-W06,15,Afternoon,Winter
ORD-14390,2024-03-02,10:17:15,2024-03-02 10:17:15,Phone Case Premium,Accessories,1,34.99,8.0,5,1.75,34.99,33.24,8.0,25.24,75.93,Amazon,Debit Card,Refunded,ztanner@example.com,Joseph Lozano,Returning,San Diego,CA,West,2024,3,March,Mar,9,5,Saturday,Sat,2,1,Q1,True,False,2024-03,2024Q1,2024-W08,10,Morning,Spring
ORD-14409,2024-03-07,11:06:11,2024-03-07 11:06:11,Data Science Bundle,Digital,1,299.99,5.0,0,0.0,299.99,299.99,5.0,294.99,98.33,Website,PayPal,Refunded,matthew69@example.com,Cory Thomas DVM,New,Miami,FL,South,2024,3,March,Mar,10,3,Thursday,Thu,7,1,Q1,False,True,2024-03,2024Q1,2024-W09,11,Morning,Spring
ORD-11969,2024-03-08,03:25:30,2024-03-08 03:25:30,Bluetooth Speaker,Electronics,1,129.99,45.0,0,0.0,129.99,129.99,45.0,84.99,65.38,Mobile App,Bank Transfer,Refunded,howarddavid@example.com,Eric Mitchell,Returning,Boston,MA,Northeast,2024,3,March,Mar,10,4,Friday,Fri,8,1,Q1,False,True,2024-03,2024Q1,2024-W09,3,Night,Spring
ORD-11690,2024-03-08,13:03:57,2024-03-08 13:03:57,Desk Organizer,Office,1,49.99,15.0,15,7.5,49.99,42.49,15.0,27.49,64.7,Website,Credit Card,Refunded,ztaylor@example.org,Pedro Lynch,New,Atlanta,GA,South,2024,3,March,Mar,10,4,Friday,Fri,8,1,Q1,False,True,2024-03,2024Q1,2024-W09,13,Afternoon,Spring
ORD-13840,2024-03-09,18:05:15,2024-03-09 18:05:15,Mechanical Keyboard,Office,5,159.99,65.0,5,40.0,799.95,759.95,325.0,434.95,57.23,Amazon,PayPal,Refunded,paul29@example.org,Jason Harmon,Returning,San Diego,CA,West,2024,3,March,Mar,10,5,Saturday,Sat,9,1,Q1,True,False,2024-03,2024Q1,2024-W09,18,Evening,Spring
ORD-14869,2024-03-15,13:47:05,2024-03-15 13:47:05,Phone Case Premium,Accessories,1,34.99,8.0,0,0.0,34.99,34.99,8.0,26.99,77.14,Amazon,Bank Transfer,Refunded,martinezcarrie@example.org,Christina Gonzales,New,Philadelphia,PA,Northeast,2024,3,March,Mar,11,4,Friday,Fri,15,1,Q1,False,True,2024-03,2024Q1,2024-W10,13,Afternoon,Spring
ORD-10146,2024-03-15,23:18:44,2024-03-15 23:18:44,Monitor Stand,Office,1,89.99,28.0,0,0.0,89.99,89.99,28.0,61.99,68.89,Mobile App,Credit Card,Refunded,anthonywilkins@example.com,Kathryn Stevens,New,Los Angeles,CA,West,2024,3,March,Mar,11,4,Friday,Fri,15,1,Q1,False,True,2024-03,2024Q1,2024-W10,23,Night,Spring
ORD-11102,2024-03-16,16:28:54,2024-03-16 16:28:54,Python Course,Digital,1,199.99,5.0,0,0.0,199.99,199.99,5.0,194.99,97.5,Mobile App,Credit Card,Refunded,melinda81@example.com,Amy Hendrix,New,Philadelphia,PA,Northeast,2024,3,March,Mar,11,5,Saturday,Sat,16,1,Q1,True,False,2024-03,2024Q1,2024-W10,16,Afternoon,Spring
ORD-10567,2024-03-17,18:28:47,2024-03-17 18:28:47,Ergonomic Mouse,Office,2,69.99,22.0,0,0.0,139.98,139.98,44.0,95.98,68.57,Amazon,Apple Pay,Refunded,richard16@example.com,Randall Clay,New,Atlanta,GA,South,2024,3,March,Mar,11,6,Sunday,Sun,17,1,Q1,True,False,2024-03,2024Q1,2024-W11,18,Evening,Spring
ORD-14722,2024-03-17,19:32:16,2024-03-17 19:32:16,Wireless Headphones,Electronics,2,299.99,120.0,0,0.0,599.98,599.98,240.0,359.98,60.0,Amazon,Credit Card,Refunded,nicholasjensen@example.net,Ryan Stone,New,New York,NY,Northeast,2024,3,March,Mar,11,6,Sunday,Sun,17,1,Q1,True,False,2024-03,2024Q1,2024-W11,19,Evening,Spring
ORD-12326,2024-03-21,17:59:45,2024-03-21 17:59:45,Data Science Bundle,Digital,2,299.99,5.0,20,120.0,599.98,479.98,10.0,469.98,97.92,Website,Apple Pay,Refunded,erin61@example.org,Heidi Hayes DDS,Returning,Phoenix,AZ,West,2024,3,March,Mar,12,3,Thursday,Thu,21,1,Q1,False,True,2024-03,2024Q1,2024-W11,17,Evening,Spring
ORD-11374,2024-03-27,14:08:01,2024-03-27 14:08:01,Screen Protector,Accessories,2,19.99,4.0,0,0.0,39.98,39.98,8.0,31.98,79.99,Website,PayPal,Refunded,wgoodman@example.com,Anthony Pineda,New,Dallas,TX,South,2024,3,March,Mar,13,2,Wednesday,Wed,27,1,Q1,False,True,2024-03,2024Q1,2024-W12,14,Afternoon,Spring
ORD-11630,2024-03-29,23:21:56,2024-03-29 23:21:56,Phone Case Premium,Accessories,4,34.99,8.0,0,0.0,139.96,139.96,32.0,107.96,77.14,Amazon,PayPal,Refunded,wilsonkatrina@example.org,Susan Mcconnell,New,Atlanta,GA,South,2024,3,March,Mar,13,4,Friday,Fri,29,1,Q1,False,True,2024-03,2024Q1,2024-W12,23,Night,Spring
ORD-12736,2024-04-04,16:10:44,2024-04-04 16:10:44,Excel Masterclass,Digital,1,99.99,5.0,15,15.0,99.99,84.99,5.0,79.99,94.12,Social Media,Bank Transfer,Refunded,michaelschwartz@example.com,Erica Dunn,Returning,Minneapolis,MN,Midwest,2024,4,April,Apr,14,3,Thursday,Thu,4,2,Q2,False,True,2024-04,2024Q2,2024-W13,16,Afternoon,Spring
ORD-10587,2024-04-07,15:18:54,2024-04-07 15:18:54,Ergonomic Mouse,Office,1,69.99,22.0,0,0.0,69.99,69.99,22.0,47.99,68.57,Mobile App,Credit Card,Refunded,omyers@example.com,Eric Bell,New,Miami,FL,South,2024,4,April,Apr,14,6,Sunday,Sun,7,2,Q2,True,False,2024-04,2024Q2,2024-W14,15,Afternoon,Spring
ORD-10905,2024-04-08,09:12:46,2024-04-08 09:12:46,SQL for Beginners,Digital,2,79.99,5.0,5,8.0,159.98,151.98,10.0,141.98,93.42,Website,Credit Card,Refunded,newtonkayla@example.com,Lindsey Morales,New,New York,NY,Northeast,2024,4,April,Apr,15,0,Monday,Mon,8,2,Q2,False,True,2024-04,2024Q2,2024-W14,9,Morning,Spring
ORD-14611,2024-04-09,18:56:51,2024-04-09 18:56:51,Bluetooth Speaker,Electronics,1,129.99,45.0,0,0.0,129.99,129.99,45.0,84.99,65.38,Mobile App,Debit Card,Refunded,shellymcneil@example.org,Hannah Ellis,New,Seattle,WA,West,2024,4,April,Apr,15,1,Tuesday,Tue,9,2,Q2,False,True,2024-04,2024Q2,2024-W14,18,Evening,Spring
ORD-13699,2024-04-10,14:32:42,2024-04-10 14:32:42,Ergonomic Mouse,Office,4,69.99,22.0,15,41.99,279.96,237.97,88.0,149.97,63.02,Email Campaign,Apple Pay,Refunded,ingramkimberly@example.com,Evan Harris,New,San Antonio,TX,South,2024,4,April,Apr,15,2,Wednesday,Wed,10,2,Q2,False,True,2024-04,2024Q2,2024-W14,14,Afternoon,Spring
ORD-11181,2024-04-12,13:53:25,2024-04-12 13:53:25,Wireless Headphones,Electronics,1,299.99,120.0,5,15.0,299.99,284.99,120.0,164.99,57.89,Mobile App,Bank Transfer,Refunded,jrich@example.com,Tara Oneill,New,Seattle,WA,West,2024,4,April,Apr,15,4,Friday,Fri,12,2,Q2,False,True,2024-04,2024Q2,2024-W14,13,Afternoon,Spring
ORD-12463,2024-04-17,18:52:06,2024-04-17 18:52:06,Laptop Bag Leather,Accessories,2,89.99,30.0,0,0.0,179.98,179.98,60.0,119.98,66.66,Website,Apple Pay,Refunded,bowmanpamela@example.net,Samantha Klein,Returning,Houston,TX,South,2024,4,April,Apr,16,2,Wednesday,Wed,17,2,Q2,False,True,2024-04,2024Q2,2024-W15,18,Evening,Spring
ORD-12393,2024-04-21,17:00:46,2024-04-21 17:00:46,Phone Case Premium,Accessories,1,34.99,8.0,0,0.0,34.99,34.99,8.0,26.99,77.14,Website,Apple Pay,Refunded,allisonclarke@example.com,Tasha Alexander,New,San Antonio,TX,South,2024,4,April,Apr,16,6,Sunday,Sun,21,2,Q2,True,False,2024-04,2024Q2,2024-W16,17,Evening,Spring
ORD-13214,2024-04-23,08:47:48,2024-04-23 08:47:48,SQL for Beginners,Digital,1,79.99,5.0,0,0.0,79.99,79.99,5.0,74.99,93.75,Website,Credit Card,Refunded,nancymcdonald@example.com,Stephanie Gross,Returning,Chicago,IL,Midwest,2024,4,April,Apr,17,1,Tuesday,Tue,23,2,Q2,False,True,2024-04,2024Q2,2024-W16,8,Morning,Spring
ORD-10448,2024-04-23,10:23:09,2024-04-23 10:23:09,Smart Watch Series 5,Electronics,1,449.99,180.0,0,0.0,449.99,449.99,180.0,269.99,60.0,Social Media,Credit Card,Refunded,ruben17@example.org,Richard Morales,New,Seattle,WA,West,2024,4,April,Apr,17,1,Tuesday,Tue,23,2,Q2,False,True,2024-04,2024Q2,2024-W16,10,Morning,Spring
ORD-12972,2024-04-27,10:56:54,2024-04-27 10:56:54,Excel Masterclass,Digital,1,99.99,5.0,0,0.0,99.99,99.99,5.0,94.99,95.0,Social Media,Bank Transfer,Refunded,perezjacob@example.com,Mary Ramirez,New,Phoenix,AZ,West,2024,4,April,Apr,17,5,Saturday,Sat,27,2,Q2,True,False,2024-04,2024Q2,2024-W16,10,Morning,Spring
ORD-12031,2024-04-29,05:25:15,2024-04-29 05:25:15,Ergonomic Mouse,Office,2,69.99,22.0,0,0.0,139.98,139.98,44.0,95.98,68.57,Website,Apple Pay,Refunded,sherijohnson@example.org,Tracy Clayton,New,Chicago,IL,Midwest,2024,4,April,Apr,18,0,Monday,Mon,29,2,Q2,False,True,2024-04,2024Q2,2024-W17,5,Morning,Spring
ORD-12467,2024-04-30,20:30:51,2024-04-30 20:30:51,Python Course,Digital,2,199.99,5.0,10,40.0,399.98,359.98,10.0,349.98,97.22,Mobile App,Apple Pay,Refunded,abigail49@example.org,Brooke Larson,New,Chicago,IL,Midwest,2024,4,April,Apr,18,1,Tuesday,Tue,30,2,Q2,False,True,2024-04,2024Q2,2024-W17,20,Evening,Spring
ORD-10614,2024-05-05,11:24:19,2024-05-05 11:24:19,SQL for Beginners,Digital,3,79.99,5.0,10,24.0,239.97,215.97,15.0,200.97,93.05,Mobile App,Apple Pay,Refunded,laura14@example.net,Kathryn Yates,New,Dallas,TX,South,2024,5,May,May,18,6,Sunday,Sun,5,2,Q2,True,False,2024-05,2024Q2,2024-W18,11,Morning,Spring
ORD-13275,2024-05-07,21:31:46,2024-05-07 21:31:46,Ergonomic Mouse,Office,1,69.99,22.0,0,0.0,69.99,69.99,22.0,47.99,68.57,Website,Apple Pay,Refunded,isaaclevy@example.net,Mrs. Katie Crosby,New,San Diego,CA,West,2024,5,May,May,19,1,Tuesday,Tue,7,2,Q2,False,True,2024-05,2024Q2,2024-W18,21,Night,Spring
ORD-13459,2024-05-09,08:40:03,2024-05-09 08:40:03,USB-C Hub 7-in-1,Accessories,5,79.99,25.0,20,79.99,399.95,319.96,125.0,194.96,60.93,Amazon,Apple Pay,Refunded,chadrobinson@example.org,Richard Weaver,New,Phoenix,AZ,West,2024,5,May,May,19,3,Thursday,Thu,9,2,Q2,False,True,2024-05,2024Q2,2024-W18,8,Morning,Spring
ORD-10884,2024-05-10,15:25:12,2024-05-10 15:25:12,Desk Organizer,Office,2,49.99,15.0,15,15.0,99.98,84.98,30.0,54.98,64.7,Mobile App,Debit Card,Refunded,qmclaughlin@example.com,Caitlin Warren,New,Seattle,WA,West,2024,5,May,May,19,4,Friday,Fri,10,2,Q2,False,True,2024-05,2024Q2,2024-W18,15,Afternoon,Spring
ORD-11500,2024-05-12,08:01:51,2024-05-12 08:01:51,Bluetooth Speaker,Electronics,1,129.99,45.0,0,0.0,129.99,129.99,45.0,84.99,65.38,Mobile App,Debit Card,Refunded,fhoffman@example.com,Victoria Carter,New,Boston,MA,Northeast,2024,5,May,May,19,6,Sunday,Sun,12,2,Q2,True,False,2024-05,2024Q2,2024-W19,8,Morning,Spring
ORD-11197,2024-05-18,10:12:36,2024-05-18 10:12:36,Laptop Bag Leather,Accessories,3,89.99,30.0,10,27.0,269.97,242.97,90.0,152.97,62.96,Mobile App,Apple Pay,Refunded,claytonchristopher@example.org,Bryan Parker Jr.,New,Atlanta,GA,South,2024,5,May,May,20,5,Saturday,Sat,18,2,Q2,True,False,2024-05,2024Q2,2024-W19,10,Morning,Spring
ORD-12943,2024-05-23,14:30:39,2024-05-23 14:30:39,Wireless Headphones,Electronics,1,299.99,120.0,0,0.0,299.99,299.99,120.0,179.99,60.0,Mobile App,PayPal,Refunded,chad06@example.org,Todd Davis,New,Phoenix,AZ,West,2024,5,May,May,21,3,Thursday,Thu,23,2,Q2,False,True,2024-05,2024Q2,2024-W20,14,Afternoon,Spring
ORD-10700,2024-05-27,11:30:15,2024-05-27 11:30:15,Excel Masterclass,Digital,2,99.99,5.0,15,30.0,199.98,169.98,10.0,159.98,94.12,Amazon,Bank Transfer,Refunded,morrismichelle@example.com,Maria Gibson,New,Dallas,TX,South,2024,5,May,May,22,0,Monday,Mon,27,2,Q2,False,True,2024-05,2024Q2,2024-W21,11,Morning,Spring
ORD-13455,2024-05-31,12:43:21,2024-05-31 12:43:21,Wireless Headphones,Electronics,1,299.99,120.0,0,0.0,299.99,299.99,120.0,179.99,60.0,Website,Credit Card,Refunded,moorerhonda@example.com,Michelle Benson,New,Atlanta,GA,South,2024,5,May,May,22,4,Friday,Fri,31,2,Q2,False,True,2024-05,2024Q2,2024-W21,12,Afternoon,Spring
ORD-12766,2024-06-02,18:23:28,2024-06-02 18:23:28,Phone Case Premium,Accessories,1,34.99,8.0,10,3.5,34.99,31.49,8.0,23.49,74.6,Website,Bank Transfer,Refunded,tyang@example.org,Mike Howard,Returning,Boston,MA,Northeast,2024,6,June,Jun,22,6,Sunday,Sun,2,2,Q2,True,False,2024-06,2024Q2,2024-W22,18,Evening,Summer
ORD-11581,2024-06-04,20:23:16,2024-06-04 20:23:16,Python Course,Digital,1,199.99,5.0,15,30.0,199.99,169.99,5.0,164.99,97.06,Amazon,Apple Pay,Refunded,amiller@example.org,Brandon Peterson,New,Houston,TX,South,2024,6,June,Jun,23,1,Tuesday,Tue,4,2,Q2,False,True,2024-06,2024Q2,2024-W22,20,Evening,Summer
ORD-14440,2024-06-07,16:31:56,2024-06-07 16:31:56,Excel Masterclass,Digital,1,99.99,5.0,10,10.0,99.99,89.99,5.0,84.99,94.44,Social Media,Apple Pay,Refunded,milleramanda@example.net,Ryan Jackson,New,Minneapolis,MN,Midwest,2024,6,June,Jun,23,4,Friday,Fri,7,2,Q2,False,True,2024-06,2024Q2,2024-W22,16,Afternoon,Summer
ORD-12875,2024-06-10,18:16:14,2024-06-10 18:16:14,Laptop Pro X1,Electronics,2,1299.99,800.0,0,0.0,2599.98,2599.98,1600.0,999.98,38.46,Mobile App,Bank Transfer,Refunded,amanda44@example.com,Dennis Walker,Returning,Atlanta,GA,South,2024,6,June,Jun,24,0,Monday,Mon,10,2,Q2,False,True,2024-06,2024Q2,2024-W23,18,Evening,Summer
ORD-12296,2024-06-15,16:27:02,2024-06-15 16:27:02,Smart Watch Series 5,Electronics,1,449.99,180.0,0,0.0,449.99,449.99,180.0,269.99,60.0,Website,PayPal,Refunded,alexis11@example.net,William Gomez,New,Los Angeles,CA,West,2024,6,June,Jun,24,5,Saturday,Sat,15,2,Q2,True,False,2024-06,2024Q2,2024-W23,16,Afternoon,Summer
ORD-14028,2024-06-20,07:41:49,2024-06-20 07:41:49,Bluetooth Speaker,Electronics,1,129.99,45.0,0,0.0,129.99,129.99,45.0,84.99,65.38,Mobile App,Credit Card,Refunded,nguyencassandra@example.com,Rebecca Thompson,New,Denver,CO,West,2024,6,June,Jun,25,3,Thursday,Thu,20,2,Q2,False,True,2024-06,2024Q2,2024-W24,7,Morning,Summer
ORD-11608,2024-06-20,17:15:05,2024-06-20 17:15:05,USB-C Hub 7-in-1,Accessories,5,79.99,25.0,0,0.0,399.95,399.95,125.0,274.95,68.75,Amazon,Credit Card,Refunded,james20@example.net,Mrs. Maria Thomas,New,Minneapolis,MN,Midwest,2024,6,June,Jun,25,3,Thursday,Thu,20,2,Q2,False,True,2024-06,2024Q2,2024-W24,17,Evening,Summer
ORD-14524,2024-06-23,19:05:01,2024-06-23 19:05:01,Ergonomic Mouse,Office,1,69.99,22.0,0,0.0,69.99,69.99,22.0,47.99,68.57,Mobile App,Apple Pay,Refunded,omassey@example.org,Kristen Mullins,Returning,Minneapolis,MN,Midwest,2024,6,June,Jun,25,6,Sunday,Sun,23,2,Q2,True,False,2024-06,2024Q2,2024-W25,19,Evening,Summer
ORD-14122,2024-06-26,15:22:59,2024-06-26 15:22:59,Smart Watch Series 5,Electronics,1,449.99,180.0,0,0.0,449.99,449.99,180.0,269.99,60.0,Mobile App,Debit Card,Refunded,jasonlee@example.net,Andrew Davis,Returning,Philadelphia,PA,Northeast,2024,6,June,Jun,26,2,Wednesday,Wed,26,2,Q2,False,True,2024-06,2024Q2,2024-W25,15,Afternoon,Summer
ORD-13604,2024-07-04,17:47:39,2024-07-04 17:47:39,SQL for Beginners,Digital,1,79.99,5.0,0,0.0,79.99,79.99,5.0,74.99,93.75,Website,PayPal,Refunded,laurenwang@example.com,Margaret Henderson,New,Boston,MA,Northeast,2024,7,July,Jul,27,3,Thursday,Thu,4,3,Q3,False,True,2024-07,2024Q3,2024-W26,17,Evening,Summer
ORD-11296,2024-07-06,19:07:06,2024-07-06 19:07:06,Screen Protector,Accessories,2,19.99,4.0,0,0.0,39.98,39.98,8.0,31.98,79.99,Social Media,PayPal,Refunded,lori26@example.org,Martin Johnson,New,San Diego,CA,West,2024,7,July,Jul,27,5,Saturday,Sat,6,3,Q3,True,False,2024-07,2024Q3,2024-W26,19,Evening,Summer
ORD-13633,2024-07-06,21:15:09,2024-07-06 21:15:09,SQL for Beginners,Digital,3,79.99,5.0,20,47.99,239.97,191.98,15.0,176.98,92.19,Social Media,Bank Transfer,Refunded,cody79@example.org,Katherine Craig,New,New York,NY,Northeast,2024,7,July,Jul,27,5,Saturday,Sat,6,3,Q3,True,False,2024-07,2024Q3,2024-W26,21,Night,Summer
ORD-11479,2024-07-10,12:15:54,2024-07-10 12:15:54,SQL for Beginners,Digital,1,79.99,5.0,15,12.0,79.99,67.99,5.0,62.99,92.65,Amazon,Apple Pay,Refunded,hamiltonadam@example.com,Stephanie Nelson,Returning,Minneapolis,MN,Midwest,2024,7,July,Jul,28,2,Wednesday,Wed,10,3,Q3,False,True,2024-07,2024Q3,2024-W27,12,Afternoon,Summer
ORD-14283,2024-07-15,13:17:49,2024-07-15 13:17:49,Excel Masterclass,Digital,5,99.99,5.0,15,74.99,499.95,424.96,25.0,399.96,94.12,Website,Bank Transfer,Refunded,awallace@example.net,Kristin Blankenship,Returning,New York,NY,Northeast,2024,7,July,Jul,29,0,Monday,Mon,15,3,Q3,False,True,2024-07,2024Q3,2024-W28,13,Afternoon,Summer
ORD-11859,2024-07-22,13:01:28,2024-07-22 13:01:28,Excel Masterclass,Digital,1,99.99,5.0,5,5.0,99.99,94.99,5.0,89.99,94.74,Mobile App,Debit Card,Refunded,townsendcaitlin@example.net,Sean Howell,Returning,Seattle,WA,West,2024,7,July,Jul,30,0,Monday,Mon,22,3,Q3,False,True,2024-07,2024Q3,2024-W29,13,Afternoon,Summer
ORD-12284,2024-07-28,13:27:57,2024-07-28 13:27:57,Ergonomic Mouse,Office,1,69.99,22.0,15,10.5,69.99,59.49,22.0,37.49,63.02,Mobile App,PayPal,Refunded,tyler82@example.net,Heather Mitchell,New,Houston,TX,South,2024,7,July,Jul,30,6,Sunday,Sun,28,3,Q3,True,False,2024-07,2024Q3,2024-W30,13,Afternoon,Summer
ORD-10237,2024-07-29,16:10:20,2024-07-29 16:10:20,Data Science Bundle,Digital,1,299.99,5.0,0,0.0,299.99,299.99,5.0,294.99,98.33,Social Media,Debit Card,Refunded,christinathomas@example.com,Alex Martinez,New,Miami,FL,South,2024,7,July,Jul,31,0,Monday,Mon,29,3,Q3,False,True,2024-07,2024Q3,2024-W30,16,Afternoon,Summer
ORD-10895,2024-07-29,21:06:37,2024-07-29 21:06:37,Data Science Bundle,Digital,1,299.99,5.0,0,0.0,299.99,299.99,5.0,294.99,98.33,Mobile App,PayPal,Refunded,mitchellroger@example.org,Brian Gilbert,New,Boston,MA,Northeast,2024,7,July,Jul,31,0,Monday,Mon,29,3,Q3,False,True,2024-07,2024Q3,2024-W30,21,Night,Summer
ORD-10984,2024-08-10,12:07:05,2024-08-10 12:07:05,Ergonomic Mouse,Office,1,69.99,22.0,25,17.5,69.99,52.49,22.0,30.49,58.09,Website,Debit Card,Refunded,hawkinsbrandon@example.com,Mrs. Allison Weeks,New,Seattle,WA,West,2024,8,August,Aug,32,5,Saturday,Sat,10,3,Q3,True,False,2024-08,2024Q3,2024-W31,12,Afternoon,Summer
ORD-10186,2024-08-10,13:49:08,2024-08-10 13:49:08,Ergonomic Mouse,Office,1,69.99,22.0,15,10.5,69.99,59.49,22.0,37.49,63.02,Mobile App,Bank Transfer,Refunded,colliershane@example.com,Veronica Brady,New,San Diego,CA,West,2024,8,August,Aug,32,5,Saturday,Sat,10,3,Q3,True,False,2024-08,2024Q3,2024-W31,13,Afternoon,Summer
ORD-10395,2024-08-11,07:43:47,2024-08-11 07:43:47,Excel Masterclass,Digital,1,99.99,5.0,20,20.0,99.99,79.99,5.0,74.99,93.75,Website,Debit Card,Refunded,matthew46@example.com,Kevin Cooper,Returning,San Diego,CA,West,2024,8,August,Aug,32,6,Sunday,Sun,11,3,Q3,True,False,2024-08,2024Q3,2024-W32,7,Morning,Summer
ORD-12417,2024-08-12,15:11:50,2024-08-12 15:11:50,Phone Case Premium,Accessories,1,34.99,8.0,0,0.0,34.99,34.99,8.0,26.99,77.14,Website,Apple Pay,Refunded,tyler57@example.org,Maurice Brown,New,Philadelphia,PA,Northeast,2024,8,August,Aug,33,0,Monday,Mon,12,3,Q3,False,True,2024-08,2024Q3,2024-W32,15,Afternoon,Summer
ORD-14306,2024-08-15,10:42:00,2024-08-15 10:42:00,Python Course,Digital,1,199.99,5.0,10,20.0,199.99,179.99,5.0,174.99,97.22,Website,Debit Card,Refunded,wfoley@example.com,Tamara Kelley,Returning,Chicago,IL,Midwest,2024,8,August,Aug,33,3,Thursday,Thu,15,3,Q3,False,True,2024-08,2024Q3,2024-W32,10,Morning,Summer
ORD-13039,2024-08-16,09:16:59,2024-08-16 09:16:59,Laptop Pro X1,Electronics,2,1299.99,800.0,0,0.0,2599.98,2599.98,1600.0,999.98,38.46,Mobile App,Apple Pay,Refunded,mcneiltammy@example.net,Christian Martinez,New,Boston,MA,Northeast,2024,8,August,Aug,33,4,Friday,Fri,16,3,Q3,False,True,2024-08,2024Q3,2024-W32,9,Morning,Summer
ORD-13265,2024-08-17,13:50:37,2024-08-17 13:50:37,Wireless Headphones,Electronics,1,299.99,120.0,0,0.0,299.99,299.99,120.0,179.99,60.0,Social Media,Bank Transfer,Refunded,bradymeredith@example.org,Brian Mccoy,New,Philadelphia,PA,Northeast,2024,8,August,Aug,33,5,Saturday,Sat,17,3,Q3,True,False,2024-08,2024Q3,2024-W32,13,Afternoon,Summer
ORD-11919,2024-08-19,16:13:11,2024-08-19 16:13:11,Ergonomic Mouse,Office,2,69.99,22.0,0,0.0,139.98,139.98,44.0,95.98,68.57,Social Media,Apple Pay,Refunded,garciajose@example.org,Kiara Olson,Returning,Minneapolis,MN,Midwest,2024,8,August,Aug,34,0,Monday,Mon,19,3,Q3,False,True,2024-08,2024Q3,2024-W33,16,Afternoon,Summer
ORD-12073,2024-08-19,17:22:04,2024-08-19 17:22:04,Ergonomic Mouse,Office,1,69.99,22.0,0,0.0,69.99,69.99,22.0,47.99,68.57,Website,Bank Transfer,Refunded,ryancasey@example.net,Nicholas Taylor,Returning,Los Angeles,CA,West,2024,8,August,Aug,34,0,Monday,Mon,19,3,Q3,False,True,2024-08,2024Q3,2024-W33,17,Evening,Summer
ORD-10076,2024-08-20,15:17:26,2024-08-20 15:17:26,Monitor Stand,Office,5,89.99,28.0,0,0.0,449.95,449.95,140.0,309.95,68.89,Mobile App,Debit Card,Refunded,xberry@example.com,Steve Matthews,Returning,Dallas,TX,South,2024,8,August,Aug,34,1,Tuesday,Tue,20,3,Q3,False,True,2024-08,2024Q3,2024-W33,15,Afternoon,Summer
ORD-12121,2024-08-24,03:10:13,2024-08-24 03:10:13,Screen Protector,Accessories,2,19.99,4.0,0,0.0,39.98,39.98,8.0,31.98,79.99,Mobile App,PayPal,Refunded,welchmarc@example.org,Tiffany Chandler,Returning,San Diego,CA,West,2024,8,August,Aug,34,5,Saturday,Sat,24,3,Q3,True,False,2024-08,2024Q3,2024-W33,3,Night,Summer
ORD-14311,2024-08-26,23:04:44,2024-08-26 23:04:44,Mechanical Keyboard,Office,4,159.99,65.0,5,32.0,639.96,607.96,260.0,347.96,57.23,Mobile App,Debit Card,Refunded,sandracollins@example.net,Susan Wheeler,New,Denver,CO,West,2024,8,August,Aug,35,0,Monday,Mon,26,3,Q3,False,True,2024-08,2024Q3,2024-W34,23,Night,Summer
ORD-10429,2024-08-28,19:34:23,2024-08-28 19:34:23,Mechanical Keyboard,Office,1,159.99,65.0,5,8.0,159.99,151.99,65.0,86.99,57.23,Amazon,PayPal,Refunded,robert63@example.com,Joshua Mathews,New,San Antonio,TX,South,2024,8,August,Aug,35,2,Wednesday,Wed,28,3,Q3,False,True,2024-08,2024Q3,2024-W34,19,Evening,Summer
ORD-10830,2024-08-29,17:35:07,2024-08-29 17:35:07,Phone Case Premium,Accessories,1,34.99,8.0,5,1.75,34.99,33.24,8.0,25.24,75.93,Website,Debit Card,Refunded,poolerenee@example.org,Elizabeth Bell,Returning,Phoenix,AZ,West,2024,8,August,Aug,35,3,Thursday,Thu,29,3,Q3,False,True,2024-08,2024Q3,2024-W34,17,Evening,Summer
ORD-13790,2024-09-03,19:21:57,2024-09-03 19:21:57,Desk Organizer,Office,3,49.99,15.0,5,7.5,149.97,142.47,45.0,97.47,68.41,Mobile App,Credit Card,Refunded,tklein@example.com,Nicholas Carrillo,New,San Antonio,TX,South,2024,9,September,Sep,36,1,Tuesday,Tue,3,3,Q3,False,True,2024-09,2024Q3,2024-W35,19,Evening,Fall
ORD-10011,2024-09-03,19:32:38,2024-09-03 19:32:38,Laptop Bag Leather,Accessories,1,89.99,30.0,10,9.0,89.99,80.99,30.0,50.99,62.96,Social Media,Bank Transfer,Refunded,castillodavid@example.org,Olivia Reid,New,Dallas,TX,South,2024,9,September,Sep,36,1,Tuesday,Tue,3,3,Q3,False,True,2024-09,2024Q3,2024-W35,19,Evening,Fall
ORD-14069,2024-09-04,06:58:40,2024-09-04 06:58:40,Data Science Bundle,Digital,3,299.99,5.0,5,45.0,899.97,854.97,15.0,839.97,98.25,Mobile App,PayPal,Refunded,chapmanjacob@example.com,Matthew Ruiz,New,Dallas,TX,South,2024,9,September,Sep,36,2,Wednesday,Wed,4,3,Q3,False,True,2024-09,2024Q3,2024-W35,6,Morning,Fall
ORD-12544,2024-09-04,21:25:19,2024-09-04 21:25:19,Smart Watch Series 5,Electronics,1,449.99,180.0,5,22.5,449.99,427.49,180.0,247.49,57.89,Website,Debit Card,Refunded,lopezdavid@example.net,Kimberly Gonzalez,New,Philadelphia,PA,Northeast,2024,9,September,Sep,36,2,Wednesday,Wed,4,3,Q3,False,True,2024-09,2024Q3,2024-W35,21,Night,Fall
ORD-10852,2024-09-05,14:46:21,2024-09-05 14:46:21,Mechanical Keyboard,Office,2,159.99,65.0,10,32.0,319.98,287.98,130.0,157.98,54.86,Website,Debit Card,Refunded,gbarrera@example.org,Amber Moore,Returning,Phoenix,AZ,West,2024,9,September,Sep,36,3,Thursday,Thu,5,3,Q3,False,True,2024-09,2024Q3,2024-W35,14,Afternoon,Fall
ORD-13839,2024-09-07,18:53:57,2024-09-07 18:53:57,Data Science Bundle,Digital,3,299.99,5.0,0,0.0,899.97,899.97,15.0,884.97,98.33,Mobile App,Apple Pay,Refunded,melanie46@example.com,Victor Barron,Returning,Minneapolis,MN,Midwest,2024,9,September,Sep,36,5,Saturday,Sat,7,3,Q3,True,False,2024-09,2024Q3,2024-W35,18,Evening,Fall
ORD-12788,2024-09-13,09:49:19,2024-09-13 09:49:19,Monitor Stand,Office,1,89.99,28.0,10,9.0,89.99,80.99,28.0,52.99,65.43,Social Media,PayPal,Refunded,kruegerkatie@example.com,James Harris,New,Atlanta,GA,South,2024,9,September,Sep,37,4,Friday,Fri,13,3,Q3,False,True,2024-09,2024Q3,2024-W36,9,Morning,Fall
ORD-12702,2024-09-16,13:18:11,2024-09-16 13:18:11,Screen Protector,Accessories,3,19.99,4.0,20,11.99,59.97,47.98,12.0,35.98,74.99,Amazon,Debit Card,Refunded,michelle72@example.com,Allison Bowman,New,San Diego,CA,West,2024,9,September,Sep,38,0,Monday,Mon,16,3,Q3,False,True,2024-09,2024Q3,2024-W37,13,Afternoon,Fall
ORD-13886,2024-09-18,11:53:36,2024-09-18 11:53:36,USB-C Hub 7-in-1,Accessories,1,79.99,25.0,15,12.0,79.99,67.99,25.0,42.99,63.23,Mobile App,Credit Card,Refunded,gregorykenneth@example.org,Steve Shields,New,Minneapolis,MN,Midwest,2024,9,September,Sep,38,2,Wednesday,Wed,18,3,Q3,False,True,2024-09,2024Q3,2024-W37,11,Morning,Fall
ORD-10457,2024-09-24,17:57:33,2024-09-24 17:57:33,USB-C Hub 7-in-1,Accessories,1,79.99,25.0,20,16.0,79.99,63.99,25.0,38.99,60.93,Website,Bank Transfer,Refunded,lisagonzales@example.net,Anna Palmer,Returning,Atlanta,GA,South,2024,9,September,Sep,39,1,Tuesday,Tue,24,3,Q3,False,True,2024-09,2024Q3,2024-W38,17,Evening,Fall
ORD-11434,2024-09-25,15:46:14,2024-09-25 15:46:14,Screen Protector,Accessories,1,19.99,4.0,10,2.0,19.99,17.99,4.0,13.99,77.77,Mobile App,Bank Transfer,Refunded,gailberry@example.net,Larry Vaughn,Returning,Minneapolis,MN,Midwest,2024,9,September,Sep,39,2,Wednesday,Wed,25,3,Q3,False,True,2024-09,2024Q3,2024-W38,15,Afternoon,Fall
ORD-12209,2024-09-30,10:02:01,2024-09-30 10:02:01,Screen Protector,Accessories,1,19.99,4.0,0,0.0,19.99,19.99,4.0,15.99,79.99,Amazon,Credit Card,Refunded,gavin73@example.com,Sierra Jones,Returning,Minneapolis,MN,Midwest,2024,9,September,Sep,40,0,Monday,Mon,30,3,Q3,False,True,2024-09,2024Q3,2024-W39,10,Morning,Fall
ORD-13425,2024-10-04,13:02:24,2024-10-04 13:02:24,Phone Case Premium,Accessories,1,34.99,8.0,0,0.0,34.99,34.99,8.0,26.99,77.14,Mobile App,PayPal,Refunded,gonzalesjulie@example.net,Paul Yang,Returning,Philadelphia,PA,Northeast,2024,10,October,Oct,40,4,Friday,Fri,4,4,Q4,False,True,2024-10,2024Q4,2024-W39,13,Afternoon,Fall
ORD-10342,2024-10-04,17:59:35,2024-10-04 17:59:35,Laptop Bag Leather,Accessories,1,89.99,30.0,5,4.5,89.99,85.49,30.0,55.49,64.91,Website,Debit Card,Refunded,stacyklein@example.net,Vanessa Mcknight,New,Phoenix,AZ,West,2024,10,October,Oct,40,4,Friday,Fri,4,4,Q4,False,True,2024-10,2024Q4,2024-W39,17,Evening,Fall
ORD-11911,2024-10-05,10:41:47,2024-10-05 10:41:47,Excel Masterclass,Digital,1,99.99,5.0,0,0.0,99.99,99.99,5.0,94.99,95.0,Mobile App,PayPal,Refunded,colleen84@example.net,Amy Estes,New,San Diego,CA,West,2024,10,October,Oct,40,5,Saturday,Sat,5,4,Q4,True,False,2024-10,2024Q4,2024-W39,10,Morning,Fall
ORD-12770,2024-10-06,11:21:54,2024-10-06 11:21:54,SQL for Beginners,Digital,2,79.99,5.0,10,16.0,159.98,143.98,10.0,133.98,93.05,Website,Apple Pay,Refunded,jacquelinecantu@example.org,Danielle Underwood,Returning,New York,NY,Northeast,2024,10,October,Oct,40,6,Sunday,Sun,6,4,Q4,True,False,2024-10,2024Q4,2024-W40,11,Morning,Fall
ORD-11734,2024-10-10,16:51:37,2024-10-10 16:51:37,Excel Masterclass,Digital,1,99.99,5.0,10,10.0,99.99,89.99,5.0,84.99,94.44,Amazon,Debit Card,Refunded,christina31@example.net,Todd Watts,New,Phoenix,AZ,West,2024,10,October,Oct,41,3,Thursday,Thu,10,4,Q4,False,True,2024-10,2024Q4,2024-W40,16,Afternoon,Fall
ORD-12145,2024-10-12,17:21:13,2024-10-12 17:21:13,Ergonomic Mouse,Office,1,69.99,22.0,5,3.5,69.99,66.49,22.0,44.49,66.91,Amazon,Debit Card,Refunded,jasoncoleman@example.org,Derek Hamilton,New,Atlanta,GA,South,2024,10,October,Oct,41,5,Saturday,Sat,12,4,Q4,True,False,2024-10,2024Q4,2024-W40,17,Evening,Fall
ORD-11188,2024-10-13,05:00:09,2024-10-13 05:00:09,Excel Masterclass,Digital,3,99.99,5.0,0,0.0,299.97,299.97,15.0,284.97,95.0,Website,Apple Pay,Refunded,drhodes@example.com,Jeremy Johnson,Returning,Chicago,IL,Midwest,2024,10,October,Oct,41,6,Sunday,Sun,13,4,Q4,True,False,2024-10,2024Q4,2024-W41,5,Morning,Fall
ORD-11591,2024-10-15,17:41:05,2024-10-15 17:41:05,Wireless Headphones,Electronics,2,299.99,120.0,0,0.0,599.98,599.98,240.0,359.98,60.0,Amazon,Debit Card,Refunded,jonesshawn@example.com,Larry Brown,New,Atlanta,GA,South,2024,10,October,Oct,42,1,Tuesday,Tue,15,4,Q4,False,True,2024-10,2024Q4,2024-W41,17,Evening,Fall
ORD-10174,2024-10-19,11:03:58,2024-10-19 11:03:58,Smart Watch Series 5,Electronics,2,449.99,180.0,0,0.0,899.98,899.98,360.0,539.98,60.0,Social Media,Debit Card,Refunded,logan02@example.org,Leslie Ford,New,Boston,MA,Northeast,2024,10,October,Oct,42,5,Saturday,Sat,19,4,Q4,True,False,2024-10,2024Q4,2024-W41,11,Morning,Fall
ORD-14539,2024-10-19,13:04:17,2024-10-19 13:04:17,Screen Protector,Accessories,5,19.99,4.0,0,0.0,99.95,99.95,20.0,79.95,79.99,Amazon,PayPal,Refunded,martinmichele@example.org,Michael Phillips,Returning,Boston,MA,Northeast,2024,10,October,Oct,42,5,Saturday,Sat,19,4,Q4,True,False,2024-10,2024Q4,2024-W41,13,Afternoon,Fall
ORD-10908,2024-10-21,18:30:14,2024-10-21 18:30:14,Smart Watch Series 5,Electronics,1,449.99,180.0,0,0.0,449.99,449.99,180.0,269.99,60.0,Amazon,Debit Card,Refunded,ctaylor@example.com,Luke Burns,Returning,Los Angeles,CA,West,2024,10,October,Oct,43,0,Monday,Mon,21,4,Q4,False,True,2024-10,2024Q4,2024-W42,18,Evening,Fall
ORD-13825,2024-10-22,17:11:18,2024-10-22 17:11:18,Laptop Pro X1,Electronics,1,1299.99,800.0,0,0.0,1299.99,1299.99,800.0,499.99,38.46,Website,PayPal,Refunded,elizabeth33@example.com,Jeffery Clark,Returning,Los Angeles,CA,West,2024,10,October,Oct,43,1,Tuesday,Tue,22,4,Q4,False,True,2024-10,2024Q4,2024-W42,17,Evening,Fall
ORD-10012,2024-10-25,14:07:59,2024-10-25 14:07:59,SQL for Beginners,Digital,3,79.99,5.0,15,36.0,239.97,203.97,15.0,188.97,92.65,Email Campaign,Credit Card,Refunded,smithjames@example.com,Jason Chang,Returning,Phoenix,AZ,West,2024,10,October,Oct,43,4,Friday,Fri,25,4,Q4,False,True,2024-10,2024Q4,2024-W42,14,Afternoon,Fall
ORD-10037,2024-10-30,13:18:35,2024-10-30 13:18:35,USB-C Hub 7-in-1,Accessories,1,79.99,25.0,10,8.0,79.99,71.99,25.0,46.99,65.27,Amazon,PayPal,Refunded,douglasclarke@example.net,Sharon Ali,New,San Antonio,TX,South,2024,10,October,Oct,44,2,Wednesday,Wed,30,4,Q4,False,True,2024-10,2024Q4,2024-W43,13,Afternoon,Fall
ORD-11607,2024-11-02,20:56:50,2024-11-02 20:56:50,Python Course,Digital,1,199.99,5.0,0,0.0,199.99,199.99,5.0,194.99,97.5,Mobile App,Debit Card,Refunded,goodmanlaura@example.net,Joseph Miller,New,Dallas,TX,South,2024,11,November,Nov,44,5,Saturday,Sat,2,4,Q4,True,False,2024-11,2024Q4,2024-W43,20,Evening,Fall
ORD-14695,2024-11-04,08:16:43,2024-11-04 08:16:43,Python Course,Digital,2,199.99,5.0,0,0.0,399.98,399.98,10.0,389.98,97.5,Website,Credit Card,Refunded,amandameyer@example.com,Justin Davis,Returning,San Diego,CA,West,2024,11,November,Nov,45,0,Monday,Mon,4,4,Q4,False,True,2024-11,2024Q4,2024-W44,8,Morning,Fall
ORD-13609,2024-11-05,13:31:08,2024-11-05 13:31:08,SQL for Beginners,Digital,1,79.99,5.0,10,8.0,79.99,71.99,5.0,66.99,93.05,Social Media,Credit Card,Refunded,qfleming@example.com,Jason Hancock,Returning,Miami,FL,South,2024,11,November,Nov,45,1,Tuesday,Tue,5,4,Q4,False,True,2024-11,2024Q4,2024-W44,13,Afternoon,Fall
ORD-12987,2024-11-08,18:36:01,2024-11-08 18:36:01,USB-C Hub 7-in-1,Accessories,2,79.99,25.0,0,0.0,159.98,159.98,50.0,109.98,68.75,Website,PayPal,Refunded,gonzalesjulie@example.net,Mary Alexander,New,Miami,FL,South,2024,11,November,Nov,45,4,Friday,Fri,8,4,Q4,False,True,2024-11,2024Q4,2024-W44,18,Evening,Fall
ORD-13427,2024-11-15,15:01:42,2024-11-15 15:01:42,Smart Watch Series 5,Electronics,2,449.99,180.0,0,0.0,899.98,899.98,360.0,539.98,60.0,Mobile App,Credit Card,Refunded,hector92@example.net,Jennifer Johnson,Returning,Boston,MA,Northeast,2024,11,November,Nov,46,4,Friday,Fri,15,4,Q4,False,True,2024-11,2024Q4,2024-W45,15,Afternoon,Fall
ORD-13420,2024-11-16,10:10:32,2024-11-16 10:10:32,Ergonomic Mouse,Office,3,69.99,22.0,0,0.0,209.97,209.97,66.0,143.97,68.57,Website,Bank Transfer,Refunded,burkeallison@example.org,Michelle Brown,Returning,Denver,CO,West,2024,11,November,Nov,46,5,Saturday,Sat,16,4,Q4,True,False,2024-11,2024Q4,2024-W45,10,Morning,Fall
ORD-11666,2024-11-18,21:23:15,2024-11-18 21:23:15,Ergonomic Mouse,Office,1,69.99,22.0,0,0.0,69.99,69.99,22.0,47.99,68.57,Mobile App,Bank Transfer,Refunded,vreynolds@example.com,Kathryn Robinson MD,Returning,Miami,FL,South,2024,11,November,Nov,47,0,Monday,Mon,18,4,Q4,False,True,2024-11,2024Q4,2024-W46,21,Night,Fall
ORD-10968,2024-11-19,20:58:16,2024-11-19 20:58:16,Laptop Bag Leather,Accessories,2,89.99,30.0,0,0.0,179.98,179.98,60.0,119.98,66.66,Amazon,Credit Card,Refunded,riley36@example.net,Luis Rogers,New,Miami,FL,South,2024,11,November,Nov,47,1,Tuesday,Tue,19,4,Q4,False,True,2024-11,2024Q4,2024-W46,20,Evening,Fall
ORD-13106,2024-11-19,21:19:38,2024-11-19 21:19:38,SQL for Beginners,Digital,2,79.99,5.0,0,0.0,159.98,159.98,10.0,149.98,93.75,Website,Debit Card,Refunded,bonniefoster@example.com,Chad Oconnell,New,San Diego,CA,West,2024,11,November,Nov,47,1,Tuesday,Tue,19,4,Q4,False,True,2024-11,2024Q4,2024-W46,21,Night,Fall
ORD-14503,2024-11-21,19:48:57,2024-11-21 19:48:57,Mechanical Keyboard,Office,2,159.99,65.0,0,0.0,319.98,319.98,130.0,189.98,59.37,Social Media,PayPal,Refunded,pbowen@example.net,John Perry,Returning,Phoenix,AZ,West,2024,11,November,Nov,47,3,Thursday,Thu,21,4,Q4,False,True,2024-11,2024Q4,2024-W46,19,Evening,Fall
ORD-14888,2024-11-26,17:59:56,2024-11-26 17:59:56,Excel Masterclass,Digital,2,99.99,5.0,0,0.0,199.98,199.98,10.0,189.98,95.0,Mobile App,Credit Card,Refunded,riveraamber@example.com,Darren Allen,Returning,Seattle,WA,West,2024,11,November,Nov,48,1,Tuesday,Tue,26,4,Q4,False,True,2024-11,2024Q4,2024-W47,17,Evening,Fall
ORD-14782,2024-11-29,16:39:26,2024-11-29 16:39:26,USB-C Hub 7-in-1,Accessories,1,79.99,25.0,0,0.0,79.99,79.99,25.0,54.99,68.75,Website,PayPal,Refunded,brandi79@example.org,Mark Hampton,Returning,Minneapolis,MN,Midwest,2024,11,November,Nov,48,4,Friday,Fri,29,4,Q4,False,True,2024-11,2024Q4,2024-W47,16,Afternoon,Fall
ORD-10960,2024-12-03,13:03:15,2024-12-03 13:03:15,Screen Protector,Accessories,1,19.99,4.0,0,0.0,19.99,19.99,4.0,15.99,79.99,Amazon,Bank Transfer,Refunded,amendez@example.com,Joseph Barnett,New,San Antonio,TX,South,2024,12,December,Dec,49,1,Tuesday,Tue,3,4,Q4,False,True,2024-12,2024Q4,2024-W48,13,Afternoon,Winter
ORD-13289,2024-12-04,20:47:08,2024-12-04 20:47:08,Laptop Pro X1,Electronics,1,1299.99,800.0,10,130.0,1299.99,1169.99,800.0,369.99,31.62,Website,Apple Pay,Refunded,melissa57@example.com,Gabriel Scott,Returning,Denver,CO,West,2024,12,December,Dec,49,2,Wednesday,Wed,4,4,Q4,False,True,2024-12,2024Q4,2024-W48,20,Evening,Winter
ORD-10598,2024-12-07,23:26:22,2024-12-07 23:26:22,Wireless Headphones,Electronics,2,299.99,120.0,0,0.0,599.98,599.98,240.0,359.98,60.0,Website,PayPal,Refunded,carol50@example.net,Jennifer Carlson,Returning,Denver,CO,West,2024,12,December,Dec,49,5,Saturday,Sat,7,4,Q4,True,False,2024-12,2024Q4,2024-W48,23,Night,Winter
ORD-13554,2024-12-10,17:31:10,2024-12-10 17:31:10,Desk Organizer,Office,1,49.99,15.0,0,0.0,49.99,49.99,15.0,34.99,69.99,Social Media,PayPal,Refunded,hartmanjeffrey@example.com,Colleen Mclaughlin,New,Miami,FL,South,2024,12,December,Dec,50,1,Tuesday,Tue,10,4,Q4,False,True,2024-12,2024Q4,2024-W49,17,Evening,Winter
ORD-14397,2024-12-12,15:14:26,2024-12-12 15:14:26,Phone Case Premium,Accessories,2,34.99,8.0,0,0.0,69.98,69.98,16.0,53.98,77.14,Amazon,Apple Pay,Refunded,shirleypineda@example.net,Frank Gonzalez,New,Denver,CO,West,2024,12,December,Dec,50,3,Thursday,Thu,12,4,Q4,False,True,2024-12,2024Q4,2024-W49,15,Afternoon,Winter
ORD-10442,2024-12-13,20:27:26,2024-12-13 20:27:26,Bluetooth Speaker,Electronics,3,129.99,45.0,0,0.0,389.97,389.97,135.0,254.97,65.38,Amazon,Apple Pay,Refunded,kblake@example.com,Michelle Odom,New,Denver,CO,West,2024,12,December,Dec,50,4,Friday,Fri,13,4,Q4,False,True,2024-12,2024Q4,2024-W49,20,Evening,Winter
ORD-10894,2024-12-14,17:41:18,2024-12-14 17:41:18,Mechanical Keyboard,Office,2,159.99,65.0,0,0.0,319.98,319.98,130.0,189.98,59.37,Website,Debit Card,Refunded,daniel64@example.net,Michelle Little,New,Dallas,TX,South,2024,12,December,Dec,50,5,Saturday,Sat,14,4,Q4,True,False,2024-12,2024Q4,2024-W49,17,Evening,Winter
ORD-10142,2024-12-20,14:46:55,2024-12-20 14:46:55,SQL for Beginners,Digital,2,79.99,5.0,0,0.0,159.98,159.98,10.0,149.98,93.75,Website,Apple Pay,Refunded,jasminevalentine@example.com,Molly Anderson,New,Denver,CO,West,2024,12,December,Dec,51,4,Friday,Fri,20,4,Q4,False,True,2024-12,2024Q4,2024-W50,14,Afternoon,Winter
ORD-13751,2024-12-21,17:39:30,2024-12-21 17:39:30,Ergonomic Mouse,Office,1,69.99,22.0,0,0.0,69.99,69.99,22.0,47.99,68.57,Mobile App,PayPal,Refunded,ashaw@example.org,Joel Perez,New,Phoenix,AZ,West,2024,12,December,Dec,51,5,Saturday,Sat,21,4,Q4,True,False,2024-12,2024Q4,2024-W50,17,Evening,Winter
ORD-13768,2024-12-22,10:53:57,2024-12-22 10:53:57,Monitor Stand,Office,1,89.99,28.0,5,4.5,89.99,85.49,28.0,57.49,67.25,Mobile App,Debit Card,Refunded,johnsongregory@example.net,Brenda Thomas,New,Minneapolis,MN,Midwest,2024,12,December,Dec,51,6,Sunday,Sun,22,4,Q4,True,False,2024-12,2024Q4,2024-W51,10,Morning,Winter
ORD-12843,2024-12-23,09:08:02,2024-12-23 09:08:02,Python Course,Digital,1,199.99,5.0,0,0.0,199.99,199.99,5.0,194.99,97.5,Mobile App,PayPal,Refunded,shelleysingleton@example.org,Valerie Fisher DDS,Returning,Miami,FL,South,2024,12,December,Dec,52,0,Monday,Mon,23,4,Q4,False,True,2024-12,2024Q4,2024-W51,9,Morning,Winter
ORD-14152,2024-12-25,08:25:25,2024-12-25 08:25:25,Smart Watch Series 5,Electronics,1,449.99,180.0,0,0.0,449.99,449.99,180.0,269.99,60.0,Website,Debit Card,Refunded,jill43@example.org,Danielle Adams,Returning,San Antonio,TX,South,2024,12,December,Dec,52,2,Wednesday,Wed,25,4,Q4,False,True,2024-12,2024Q4,2024-W51,8,Morning,Winter
ORD-11770,2024-12-25,16:06:08,2024-12-25 16:06:08,Excel Masterclass,Digital,1,99.99,5.0,0,0.0,99.99,99.99,5.0,94.99,95.0,Website,PayPal,Refunded,chasewilson@example.com,Kerry Poole,New,Dallas,TX,South,2024,12,December,Dec,52,2,Wednesday,Wed,25,4,Q4,False,True,2024-12,2024Q4,2024-W51,16,Afternoon,Winter
ORD-10198,2025-01-06,15:31:29,2025-01-06 15:31:29,Bluetooth Speaker,Electronics,2,129.99,45.0,10,26.0,259.98,233.98,90.0,143.98,61.54,Mobile App,Apple Pay,Refunded,nnelson@example.com,Ernest Lee,New,Atlanta,GA,South,2025,1,January,Jan,2,0,Monday,Mon,6,1,Q1,False,True,2025-01,2025Q1,2025-W01,15,Afternoon,Winter
ORD-13202,2025-01-07,07:27:39,2025-01-07 07:27:39,Excel Masterclass,Digital,1,99.99,5.0,0,0.0,99.99,99.99,5.0,94.99,95.0,Email Campaign,Debit Card,Refunded,daviskathleen@example.com,Annette Blackwell,Returning,Denver,CO,West,2025,1,January,Jan,2,1,Tuesday,Tue,7,1,Q1,False,True,2025-01,2025Q1,2025-W01,7,Morning,Winter
ORD-11349,2025-01-10,07:59:18,2025-01-10 07:59:18,Data Science Bundle,Digital,5,299.99,5.0,10,150.0,1499.95,1349.95,25.0,1324.95,98.15,Social Media,Credit Card,Refunded,josephsanchez@example.net,Hailey Barker,Returning,Denver,CO,West,2025,1,January,Jan,2,4,Friday,Fri,10,1,Q1,False,True,2025-01,2025Q1,2025-W01,7,Morning,Winter
ORD-13966,2025-01-15,06:26:18,2025-01-15 06:26:18,Smart Watch Series 5,Electronics,1,449.99,180.0,0,0.0,449.99,449.99,180.0,269.99,60.0,Email Campaign,Debit Card,Refunded,danielle94@example.com,Jenna Miller,Returning,Phoenix,AZ,West,2025,1,January,Jan,3,2,Wednesday,Wed,15,1,Q1,False,True,2025-01,2025Q1,2025-W02,6,Morning,Winter
ORD-13862,2025-01-16,05:45:36,2025-01-16 05:45:36,Laptop Pro X1,Electronics,1,1299.99,800.0,15,195.0,1299.99,1104.99,800.0,304.99,27.6,Mobile App,Debit Card,Refunded,johnathan98@example.net,Scott Castaneda,New,Houston,TX,South,2025,1,January,Jan,3,3,Thursday,Thu,16,1,Q1,False,True,2025-01,2025Q1,2025-W02,5,Morning,Winter
ORD-13239,2025-01-16,14:18:17,2025-01-16 14:18:17,Python Course,Digital,1,199.99,5.0,10,20.0,199.99,179.99,5.0,174.99,97.22,Email Campaign,Debit Card,Refunded,jrodriguez@example.net,James Brown,New,Los Angeles,CA,West,2025,1,January,Jan,3,3,Thursday,Thu,16,1,Q1,False,True,2025-01,2025Q1,2025-W02,14,Afternoon,Winter
ORD-12549,2025-01-16,20:45:27,2025-01-16 20:45:27,Screen Protector,Accessories,1,19.99,4.0,0,0.0,19.99,19.99,4.0,15.99,79.99,Website,PayPal,Refunded,rmartin@example.net,Shannon Harris,Returning,Atlanta,GA,South,2025,1,January,Jan,3,3,Thursday,Thu,16,1,Q1,False,True,2025-01,2025Q1,2025-W02,20,Evening,Winter
ORD-14525,2025-01-20,13:10:45,2025-01-20 13:10:45,Wireless Headphones,Electronics,3,299.99,120.0,15,135.0,899.97,764.97,360.0,404.97,52.94,Website,Apple Pay,Refunded,chelsea14@example.com,Erica Robles,Returning,Denver,CO,West,2025,1,January,Jan,4,0,Monday,Mon,20,1,Q1,False,True,2025-01,2025Q1,2025-W03,13,Afternoon,Winter
ORD-13660,2025-01-24,21:16:39,2025-01-24 21:16:39,Data Science Bundle,Digital,1,299.99,5.0,15,45.0,299.99,254.99,5.0,249.99,98.04,Website,PayPal,Refunded,smithjames@example.org,Jordan House,New,Seattle,WA,West,2025,1,January,Jan,4,4,Friday,Fri,24,1,Q1,False,True,2025-01,2025Q1,2025-W03,21,Night,Winter
ORD-10052,2025-01-25,09:38:47,2025-01-25 09:38:47,Bluetooth Speaker,Electronics,2,129.99,45.0,0,0.0,259.98,259.98,90.0,169.98,65.38,Mobile App,Apple Pay,Refunded,christina94@example.net,Alicia Diaz,Returning,Phoenix,AZ,West,2025,1,January,Jan,4,5,Saturday,Sat,25,1,Q1,True,False,2025-01,2025Q1,2025-W03,9,Morning,Winter
ORD-12985,2025-01-28,11:18:46,2025-01-28 11:18:46,Excel Masterclass,Digital,4,99.99,5.0,15,59.99,399.96,339.97,20.0,319.97,94.12,Mobile App,Debit Card,Refunded,uvega@example.net,Gina Lopez,Returning,San Antonio,TX,South,2025,1,January,Jan,5,1,Tuesday,Tue,28,1,Q1,False,True,2025-01,2025Q1,2025-W04,11,Morning,Winter
ORD-10569,2025-02-08,07:26:40,2025-02-08 07:26:40,Python Course,Digital,1,199.99,5.0,5,10.0,199.99,189.99,5.0,184.99,97.37,Website,Apple Pay,Refunded,gjohnson@example.org,Heather Adams,New,Boston,MA,Northeast,2025,2,February,Feb,6,5,Saturday,Sat,8,1,Q1,True,False,2025-02,2025Q1,2025-W05,7,Morning,Winter
ORD-12526,2025-02-09,12:07:21,2025-02-09 12:07:21,Desk Organizer,Office,2,49.99,15.0,15,15.0,99.98,84.98,30.0,54.98,64.7,Amazon,Debit Card,Refunded,fflores@example.org,David Hooper,New,Houston,TX,South,2025,2,February,Feb,6,6,Sunday,Sun,9,1,Q1,True,False,2025-02,2025Q1,2025-W06,12,Afternoon,Winter
ORD-10393,2025-02-11,16:49:15,2025-02-11 16:49:15,Excel Masterclass,Digital,4,99.99,5.0,0,0.0,399.96,399.96,20.0,379.96,95.0,Mobile App,PayPal,Refunded,frank35@example.net,Anthony Ross,New,San Diego,CA,West,2025,2,February,Feb,7,1,Tuesday,Tue,11,1,Q1,False,True,2025-02,2025Q1,2025-W06,16,Afternoon,Winter
ORD-14986,2025-02-14,15:58:45,2025-02-14 15:58:45,Python Course,Digital,2,199.99,5.0,0,0.0,399.98,399.98,10.0,389.98,97.5,Social Media,Apple Pay,Refunded,ginasherman@example.org,Jeffrey Warren,New,Denver,CO,West,2025,2,February,Feb,7,4,Friday,Fri,14,1,Q1,False,True,2025-02,2025Q1,2025-W06,15,Afternoon,Winter
ORD-14107,2025-02-18,19:02:35,2025-02-18 19:02:35,Desk Organizer,Office,1,49.99,15.0,10,5.0,49.99,44.99,15.0,29.99,66.66,Email Campaign,Credit Card,Refunded,gsims@example.org,Andrew Davis,New,Chicago,IL,Midwest,2025,2,February,Feb,8,1,Tuesday,Tue,18,1,Q1,False,True,2025-02,2025Q1,2025-W07,19,Evening,Winter
ORD-14280,2025-02-19,07:24:39,2025-02-19 07:24:39,Wireless Headphones,Electronics,1,299.99,120.0,10,30.0,299.99,269.99,120.0,149.99,55.55,Amazon,PayPal,Refunded,conniesanders@example.org,Antonio Wall,Returning,Los Angeles,CA,West,2025,2,February,Feb,8,2,Wednesday,Wed,19,1,Q1,False,True,2025-02,2025Q1,2025-W07,7,Morning,Winter
ORD-11716,2025-02-20,21:09:46,2025-02-20 21:09:46,Screen Protector,Accessories,1,19.99,4.0,15,3.0,19.99,16.99,4.0,12.99,76.46,Website,Credit Card,Refunded,david82@example.com,Elizabeth Anderson,New,Chicago,IL,Midwest,2025,2,February,Feb,8,3,Thursday,Thu,20,1,Q1,False,True,2025-02,2025Q1,2025-W07,21,Night,Winter
ORD-10129,2025-02-21,14:26:10,2025-02-21 14:26:10,Laptop Bag Leather,Accessories,2,89.99,30.0,0,0.0,179.98,179.98,60.0,119.98,66.66,Mobile App,Credit Card,Refunded,charlesfritz@example.net,Kristopher Steele,Returning,Phoenix,AZ,West,2025,2,February,Feb,8,4,Friday,Fri,21,1,Q1,False,True,2025-02,2025Q1,2025-W07,14,Afternoon,Winter
ORD-14421,2025-02-25,16:40:52,2025-02-25 16:40:52,Smart Watch Series 5,Electronics,1,449.99,180.0,15,67.5,449.99,382.49,180.0,202.49,52.94,Mobile App,Apple Pay,Refunded,linda78@example.net,Samuel Jones,Returning,Dallas,TX,South,2025,2,February,Feb,9,1,Tuesday,Tue,25,1,Q1,False,True,2025-02,2025Q1,2025-W08,16,Afternoon,Winter
ORD-11026,2025-02-28,17:22:19,2025-02-28 17:22:19,Excel Masterclass,Digital,1,99.99,5.0,15,15.0,99.99,84.99,5.0,79.99,94.12,Social Media,Debit Card,Refunded,bucktimothy@example.net,Darlene Villarreal,Returning,Miami,FL,South,2025,2,February,Feb,9,4,Friday,Fri,28,1,Q1,False,True,2025-02,2025Q1,2025-W08,17,Evening,Winter
ORD-12631,2025-02-28,19:30:46,2025-02-28 19:30:46,Data Science Bundle,Digital,1,299.99,5.0,0,0.0,299.99,299.99,5.0,294.99,98.33,Website,Credit Card,Refunded,fjackson@example.net,Dylan Quinn,Returning,New York,NY,Northeast,2025,2,February,Feb,9,4,Friday,Fri,28,1,Q1,False,True,2025-02,2025Q1,2025-W08,19,Evening,Winter
ORD-11589,2025-03-01,14:24:07,2025-03-01 14:24:07,Wireless Headphones,Electronics,3,299.99,120.0,5,45.0,899.97,854.97,360.0,494.97,57.89,Social Media,Apple Pay,Refunded,john21@example.org,Steven Golden,New,Denver,CO,West,2025,3,March,Mar,9,5,Saturday,Sat,1,1,Q1,True,False,2025-03,2025Q1,2025-W08,14,Afternoon,Spring
ORD-13713,2025-03-01,19:03:08,2025-03-01 19:03:08,SQL for Beginners,Digital,1,79.99,5.0,15,12.0,79.99,67.99,5.0,62.99,92.65,Social Media,Bank Transfer,Refunded,mary79@example.org,George Johnson,New,Dallas,TX,South,2025,3,March,Mar,9,5,Saturday,Sat,1,1,Q1,True,False,2025-03,2025Q1,2025-W08,19,Evening,Spring
ORD-10347,2025-03-04,13:50:43,2025-03-04 13:50:43,Excel Masterclass,Digital,4,99.99,5.0,0,0.0,399.96,399.96,20.0,379.96,95.0,Social Media,Apple Pay,Refunded,angelaflores@example.org,Wanda Lambert,Returning,Boston,MA,Northeast,2025,3,March,Mar,10,1,Tuesday,Tue,4,1,Q1,False,True,2025-03,2025Q1,2025-W09,13,Afternoon,Spring
ORD-12381,2025-03-05,11:25:28,2025-03-05 11:25:28,Excel Masterclass,Digital,2,99.99,5.0,5,10.0,199.98,189.98,10.0,179.98,94.74,Amazon,Apple Pay,Refunded,crawfordcolleen@example.org,Angel Harris,New,Minneapolis,MN,Midwest,2025,3,March,Mar,10,2,Wednesday,Wed,5,1,Q1,False,True,2025-03,2025Q1,2025-W09,11,Morning,Spring
ORD-14716,2025-03-05,17:25:35,2025-03-05 17:25:35,Python Course,Digital,3,199.99,5.0,0,0.0,599.97,599.97,15.0,584.97,97.5,Amazon,Credit Card,Refunded,deansheri@example.com,Bonnie Keith,New,Boston,MA,Northeast,2025,3,March,Mar,10,2,Wednesday,Wed,5,1,Q1,False,True,2025-03,2025Q1,2025-W09,17,Evening,Spring
ORD-14400,2025-03-07,09:36:08,2025-03-07 09:36:08,Bluetooth Speaker,Electronics,2,129.99,45.0,0,0.0,259.98,259.98,90.0,169.98,65.38,Website,PayPal,Refunded,katherinefoster@example.net,Vincent Stafford,Returning,Boston,MA,Northeast,2025,3,March,Mar,10,4,Friday,Fri,7,1,Q1,False,True,2025-03,2025Q1,2025-W09,9,Morning,Spring
ORD-11665,2025-03-10,20:36:43,2025-03-10 20:36:43,Python Course,Digital,1,199.99,5.0,10,20.0,199.99,179.99,5.0,174.99,97.22,Amazon,PayPal,Refunded,william10@example.com,Crystal Walker,New,San Antonio,TX,South,2025,3,March,Mar,11,0,Monday,Mon,10,1,Q1,False,True,2025-03,2025Q1,2025-W10,20,Evening,Spring
ORD-11974,2025-03-11,10:53:03,2025-03-11 10:53:03,Smart Watch Series 5,Electronics,1,449.99,180.0,0,0.0,449.99,449.99,180.0,269.99,60.0,Website,Debit Card,Refunded,logantiffany@example.net,Ernest Green,New,Minneapolis,MN,Midwest,2025,3,March,Mar,11,1,Tuesday,Tue,11,1,Q1,False,True,2025-03,2025Q1,2025-W10,10,Morning,Spring
ORD-14934,2025-03-14,04:52:21,2025-03-14 04:52:21,Phone Case Premium,Accessories,2,34.99,8.0,0,0.0,69.98,69.98,16.0,53.98,77.14,Mobile App,Apple Pay,Refunded,donaldmills@example.net,Derek Lopez,Returning,Seattle,WA,West,2025,3,March,Mar,11,4,Friday,Fri,14,1,Q1,False,True,2025-03,2025Q1,2025-W10,4,Night,Spring
ORD-14600,2025-03-15,13:34:02,2025-03-15 13:34:02,Excel Masterclass,Digital,3,99.99,5.0,0,0.0,299.97,299.97,15.0,284.97,95.0,Mobile App,PayPal,Refunded,marymurray@example.net,Alyssa Ellis,New,New York,NY,Northeast,2025,3,March,Mar,11,5,Saturday,Sat,15,1,Q1,True,False,2025-03,2025Q1,2025-W10,13,Afternoon,Spring
ORD-11557,2025-03-21,17:35:28,2025-03-21 17:35:28,Data Science Bundle,Digital,3,299.99,5.0,0,0.0,899.97,899.97,15.0,884.97,98.33,Website,Bank Transfer,Refunded,kevin36@example.com,Paige Thomas,New,Phoenix,AZ,West,2025,3,March,Mar,12,4,Friday,Fri,21,1,Q1,False,True,2025-03,2025Q1,2025-W11,17,Evening,Spring
ORD-11570,2025-03-22,14:31:35,2025-03-22 14:31:35,USB-C Hub 7-in-1,Accessories,1,79.99,25.0,0,0.0,79.99,79.99,25.0,54.99,68.75,Mobile App,Credit Card,Refunded,rochadanny@example.org,Cheryl Mckay,New,Seattle,WA,West,2025,3,March,Mar,12,5,Saturday,Sat,22,1,Q1,True,False,2025-03,2025Q1,2025-W11,14,Afternoon,Spring
ORD-12271,2025-03-24,07:25:52,2025-03-24 07:25:52,Excel Masterclass,Digital,1,99.99,5.0,5,5.0,99.99,94.99,5.0,89.99,94.74,Mobile App,Bank Transfer,Refunded,cooperjessica@example.com,James Valencia,New,Denver,CO,West,2025,3,March,Mar,13,0,Monday,Mon,24,1,Q1,False,True,2025-03,2025Q1,2025-W12,7,Morning,Spring
ORD-11030,2025-03-26,05:44:45,2025-03-26 05:44:45,Python Course,Digital,1,199.99,5.0,0,0.0,199.99,199.99,5.0,194.99,97.5,Email Campaign,Bank Transfer,Refunded,matthewevans@example.com,Linda Harris,New,Seattle,WA,West,2025,3,March,Mar,13,2,Wednesday,Wed,26,1,Q1,False,True,2025-03,2025Q1,2025-W12,5,Morning,Spring
ORD-14680,2025-03-29,10:31:40,2025-03-29 10:31:40,Laptop Pro X1,Electronics,4,1299.99,800.0,10,520.0,5199.96,4679.96,3200.0,1479.96,31.62,Amazon,Debit Card,Refunded,connorlewis@example.net,Jonathan Roberson,Returning,Seattle,WA,West,2025,3,March,Mar,13,5,Saturday,Sat,29,1,Q1,True,False,2025-03,2025Q1,2025-W12,10,Morning,Spring
ORD-11265,2025-04-05,01:38:19,2025-04-05 01:38:19,Excel Masterclass,Digital,1,99.99,5.0,0,0.0,99.99,99.99,5.0,94.99,95.0,Amazon,Bank Transfer,Refunded,lyoung@example.org,Carol Clark,New,San Antonio,TX,South,2025,4,April,Apr,14,5,Saturday,Sat,5,2,Q2,True,False,2025-04,2025Q2,2025-W13,1,Night,Spring
ORD-12133,2025-04-07,04:11:12,2025-04-07 04:11:12,Wireless Headphones,Electronics,1,299.99,120.0,5,15.0,299.99,284.99,120.0,164.99,57.89,Website,PayPal,Refunded,antoniojohnson@example.net,Erin Wood,Returning,Miami,FL,South,2025,4,April,Apr,15,0,Monday,Mon,7,2,Q2,False,True,2025-04,2025Q2,2025-W14,4,Night,Spring
ORD-11212,2025-04-13,17:08:22,2025-04-13 17:08:22,Python Course,Digital,1,199.99,5.0,0,0.0,199.99,199.99,5.0,194.99,97.5,Website,PayPal,Refunded,ulong@example.org,Katherine Leon,Returning,Phoenix,AZ,West,2025,4,April,Apr,15,6,Sunday,Sun,13,2,Q2,True,False,2025-04,2025Q2,2025-W15,17,Evening,Spring
ORD-12803,2025-04-15,16:13:12,2025-04-15 16:13:12,USB-C Hub 7-in-1,Accessories,1,79.99,25.0,0,0.0,79.99,79.99,25.0,54.99,68.75,Amazon,Debit Card,Refunded,lawrencejennifer@example.net,Sheri Boyer,Returning,Phoenix,AZ,West,2025,4,April,Apr,16,1,Tuesday,Tue,15,2,Q2,False,True,2025-04,2025Q2,2025-W15,16,Afternoon,Spring
ORD-13497,2025-04-16,22:12:30,2025-04-16 22:12:30,USB-C Hub 7-in-1,Accessories,1,79.99,25.0,15,12.0,79.99,67.99,25.0,42.99,63.23,Mobile App,Bank Transfer,Refunded,mccarthyloretta@example.net,Brent Garza DDS,New,Boston,MA,Northeast,2025,4,April,Apr,16,2,Wednesday,Wed,16,2,Q2,False,True,2025-04,2025Q2,2025-W15,22,Night,Spring
ORD-14507,2025-04-19,13:55:54,2025-04-19 13:55:54,Laptop Bag Leather,Accessories,1,89.99,30.0,10,9.0,89.99,80.99,30.0,50.99,62.96,Amazon,PayPal,Refunded,leelauren@example.net,Michael Walker,New,Phoenix,AZ,West,2025,4,April,Apr,16,5,Saturday,Sat,19,2,Q2,True,False,2025-04,2025Q2,2025-W15,13,Afternoon,Spring
ORD-11822,2025-04-23,16:02:26,2025-04-23 16:02:26,Monitor Stand,Office,1,89.99,28.0,10,9.0,89.99,80.99,28.0,52.99,65.43,Amazon,Credit Card,Refunded,alexandercummings@example.net,Craig Todd,New,Miami,FL,South,2025,4,April,Apr,17,2,Wednesday,Wed,23,2,Q2,False,True,2025-04,2025Q2,2025-W16,16,Afternoon,Spring
ORD-13034,2025-04-24,12:00:57,2025-04-24 12:00:57,Bluetooth Speaker,Electronics,2,129.99,45.0,15,39.0,259.98,220.98,90.0,130.98,59.27,Website,Bank Transfer,Refunded,ashleycoffey@example.net,Mary Thompson,Returning,New York,NY,Northeast,2025,4,April,Apr,17,3,Thursday,Thu,24,2,Q2,False,True,2025-04,2025Q2,2025-W16,12,Afternoon,Spring
ORD-10437,2025-04-24,18:27:52,2025-04-24 18:27:52,Excel Masterclass,Digital,2,99.99,5.0,5,10.0,199.98,189.98,10.0,179.98,94.74,Website,Apple Pay,Refunded,luisavila@example.com,Tammy Mcmahon,Returning,Houston,TX,South,2025,4,April,Apr,17,3,Thursday,Thu,24,2,Q2,False,True,2025-04,2025Q2,2025-W16,18,Evening,Spring
ORD-12398,2025-04-27,12:55:55,2025-04-27 12:55:55,Monitor Stand,Office,1,89.99,28.0,0,0.0,89.99,89.99,28.0,61.99,68.89,Website,Debit Card,Refunded,ncook@example.net,Dawn Beard,New,Los Angeles,CA,West,2025,4,April,Apr,17,6,Sunday,Sun,27,2,Q2,True,False,2025-04,2025Q2,2025-W17,12,Afternoon,Spring
ORD-11009,2025-04-30,02:47:53,2025-04-30 02:47:53,USB-C Hub 7-in-1,Accessories,1,79.99,25.0,5,4.0,79.99,75.99,25.0,50.99,67.1,Amazon,Apple Pay,Refunded,zhoover@example.com,Brandi Rodriguez,Returning,San Antonio,TX,South,2025,4,April,Apr,18,2,Wednesday,Wed,30,2,Q2,False,True,2025-04,2025Q2,2025-W17,2,Night,Spring
ORD-10977,2025-05-01,06:27:56,2025-05-01 06:27:56,Data Science Bundle,Digital,1,299.99,5.0,0,0.0,299.99,299.99,5.0,294.99,98.33,Mobile App,PayPal,Refunded,dianagray@example.com,Keith Allen,Returning,Atlanta,GA,South,2025,5,May,May,18,3,Thursday,Thu,1,2,Q2,False,True,2025-05,2025Q2,2025-W17,6,Morning,Spring
ORD-12573,2025-05-02,07:08:30,2025-05-02 07:08:30,Desk Organizer,Office,2,49.99,15.0,15,15.0,99.98,84.98,30.0,54.98,64.7,Website,Debit Card,Refunded,marksmith@example.com,Jessica Perez,New,Atlanta,GA,South,2025,5,May,May,18,4,Friday,Fri,2,2,Q2,False,True,2025-05,2025Q2,2025-W17,7,Morning,Spring
ORD-13236,2025-05-02,17:25:10,2025-05-02 17:25:10,USB-C Hub 7-in-1,Accessories,1,79.99,25.0,0,0.0,79.99,79.99,25.0,54.99,68.75,Social Media,Apple Pay,Refunded,michaellopez@example.net,Michelle Vasquez,Returning,Miami,FL,South,2025,5,May,May,18,4,Friday,Fri,2,2,Q2,False,True,2025-05,2025Q2,2025-W17,17,Evening,Spring
ORD-14577,2025-05-09,18:39:30,2025-05-09 18:39:30,Ergonomic Mouse,Office,2,69.99,22.0,0,0.0,139.98,139.98,44.0,95.98,68.57,Website,PayPal,Refunded,gary73@example.com,Shawn Richardson,New,Dallas,TX,South,2025,5,May,May,19,4,Friday,Fri,9,2,Q2,False,True,2025-05,2025Q2,2025-W18,18,Evening,Spring
ORD-11899,2025-05-19,19:07:20,2025-05-19 19:07:20,Monitor Stand,Office,1,89.99,28.0,0,0.0,89.99,89.99,28.0,61.99,68.89,Website,Credit Card,Refunded,donald39@example.org,Stephanie Boyle,New,Boston,MA,Northeast,2025,5,May,May,21,0,Monday,Mon,19,2,Q2,False,True,2025-05,2025Q2,2025-W20,19,Evening,Spring
ORD-14606,2025-05-21,13:38:39,2025-05-21 13:38:39,SQL for Beginners,Digital,2,79.99,5.0,0,0.0,159.98,159.98,10.0,149.98,93.75,Amazon,Debit Card,Refunded,andrew78@example.org,Courtney Cook,Returning,Denver,CO,West,2025,5,May,May,21,2,Wednesday,Wed,21,2,Q2,False,True,2025-05,2025Q2,2025-W20,13,Afternoon,Spring
ORD-14604,2025-05-25,13:56:38,2025-05-25 13:56:38,Excel Masterclass,Digital,1,99.99,5.0,0,0.0,99.99,99.99,5.0,94.99,95.0,Mobile App,Debit Card,Refunded,qrodriguez@example.com,Christopher Lindsey,Returning,New York,NY,Northeast,2025,5,May,May,21,6,Sunday,Sun,25,2,Q2,True,False,2025-05,2025Q2,2025-W21,13,Afternoon,Spring
ORD-14506,2025-05-25,13:59:24,2025-05-25 13:59:24,SQL for Beginners,Digital,1,79.99,5.0,20,16.0,79.99,63.99,5.0,58.99,92.19,Mobile App,Bank Transfer,Refunded,tiffanyrose@example.org,Hannah Bennett,Returning,Boston,MA,Northeast,2025,5,May,May,21,6,Sunday,Sun,25,2,Q2,True,False,2025-05,2025Q2,2025-W21,13,Afternoon,Spring
ORD-14127,2025-05-27,17:08:20,2025-05-27 17:08:20,Screen Protector,Accessories,2,19.99,4.0,0,0.0,39.98,39.98,8.0,31.98,79.99,Mobile App,Bank Transfer,Refunded,walter89@example.com,Julie Douglas,New,Los Angeles,CA,West,2025,5,May,May,22,1,Tuesday,Tue,27,2,Q2,False,True,2025-05,2025Q2,2025-W21,17,Evening,Spring
ORD-13772,2025-05-27,21:58:31,2025-05-27 21:58:31,Data Science Bundle,Digital,3,299.99,5.0,0,0.0,899.97,899.97,15.0,884.97,98.33,Website,Apple Pay,Refunded,gavinford@example.org,Keith Chavez,New,Miami,FL,South,2025,5,May,May,22,1,Tuesday,Tue,27,2,Q2,False,True,2025-05,2025Q2,2025-W21,21,Night,Spring
ORD-13396,2025-05-29,16:17:56,2025-05-29 16:17:56,Laptop Bag Leather,Accessories,1,89.99,30.0,15,13.5,89.99,76.49,30.0,46.49,60.78,Mobile App,Bank Transfer,Refunded,bortiz@example.com,Shannon Cruz,Returning,Minneapolis,MN,Midwest,2025,5,May,May,22,3,Thursday,Thu,29,2,Q2,False,True,2025-05,2025Q2,2025-W21,16,Afternoon,Spring
ORD-10113,2025-05-31,09:24:34,2025-05-31 09:24:34,Screen Protector,Accessories,1,19.99,4.0,15,3.0,19.99,16.99,4.0,12.99,76.46,Website,Credit Card,Refunded,hardyjudy@example.com,Jason Burton,Returning,Atlanta,GA,South,2025,5,May,May,22,5,Saturday,Sat,31,2,Q2,True,False,2025-05,2025Q2,2025-W21,9,Morning,Spring
ORD-11563,2025-06-09,13:26:03,2025-06-09 13:26:03,Excel Masterclass,Digital,2,99.99,5.0,0,0.0,199.98,199.98,10.0,189.98,95.0,Website,PayPal,Refunded,huynhsteven@example.com,Mr. Patrick Miller,New,New York,NY,Northeast,2025,6,June,Jun,24,0,Monday,Mon,9,2,Q2,False,True,2025-06,2025Q2,2025-W23,13,Afternoon,Summer
ORD-11617,2025-06-10,05:27:28,2025-06-10 05:27:28,Laptop Bag Leather,Accessories,1,89.99,30.0,0,0.0,89.99,89.99,30.0,59.99,66.66,Email Campaign,Bank Transfer,Refunded,alexandra04@example.org,Allison Johnson,New,Boston,MA,Northeast,2025,6,June,Jun,24,1,Tuesday,Tue,10,2,Q2,False,True,2025-06,2025Q2,2025-W23,5,Morning,Summer
ORD-14020,2025-06-16,14:13:14,2025-06-16 14:13:14,Bluetooth Speaker,Electronics,3,129.99,45.0,0,0.0,389.97,389.97,135.0,254.97,65.38,Mobile App,Apple Pay,Refunded,yangeric@example.com,Alexa Smith,Returning,Dallas,TX,South,2025,6,June,Jun,25,0,Monday,Mon,16,2,Q2,False,True,2025-06,2025Q2,2025-W24,14,Afternoon,Summer
ORD-11781,2025-06-16,22:42:54,2025-06-16 22:42:54,Data Science Bundle,Digital,1,299.99,5.0,5,15.0,299.99,284.99,5.0,279.99,98.25,Social Media,Credit Card,Refunded,brendabenson@example.com,Todd Cardenas,New,Dallas,TX,South,2025,6,June,Jun,25,0,Monday,Mon,16,2,Q2,False,True,2025-06,2025Q2,2025-W24,22,Night,Summer
ORD-13620,2025-06-19,21:13:30,2025-06-19 21:13:30,Phone Case Premium,Accessories,1,34.99,8.0,20,7.0,34.99,27.99,8.0,19.99,71.42,Mobile App,Debit Card,Refunded,kelly19@example.com,Kevin Snyder,New,Los Angeles,CA,West,2025,6,June,Jun,25,3,Thursday,Thu,19,2,Q2,False,True,2025-06,2025Q2,2025-W24,21,Night,Summer
ORD-12102,2025-06-20,17:02:22,2025-06-20 17:02:22,USB-C Hub 7-in-1,Accessories,2,79.99,25.0,5,8.0,159.98,151.98,50.0,101.98,67.1,Website,PayPal,Refunded,lorraine24@example.com,Cynthia Carr,New,Seattle,WA,West,2025,6,June,Jun,25,4,Friday,Fri,20,2,Q2,False,True,2025-06,2025Q2,2025-W24,17,Evening,Summer
ORD-12499,2025-06-21,20:28:38,2025-06-21 20:28:38,SQL for Beginners,Digital,1,79.99,5.0,10,8.0,79.99,71.99,5.0,66.99,93.05,Mobile App,Apple Pay,Refunded,mgentry@example.org,Tony Mcdonald,New,Houston,TX,South,2025,6,June,Jun,25,5,Saturday,Sat,21,2,Q2,True,False,2025-06,2025Q2,2025-W24,20,Evening,Summer
ORD-10019,2025-06-26,19:54:35,2025-06-26 19:54:35,Bluetooth Speaker,Electronics,1,129.99,45.0,25,32.5,129.99,97.49,45.0,52.49,53.84,Social Media,Debit Card,Refunded,lcole@example.net,Mr. Patrick Sullivan,Returning,Miami,FL,South,2025,6,June,Jun,26,3,Thursday,Thu,26,2,Q2,False,True,2025-06,2025Q2,2025-W25,19,Evening,Summer
ORD-11077,2025-06-27,23:50:11,2025-06-27 23:50:11,Mechanical Keyboard,Office,1,159.99,65.0,0,0.0,159.99,159.99,65.0,94.99,59.37,Social Media,Debit Card,Refunded,kimberly50@example.org,Elaine Martinez DVM,New,Seattle,WA,West,2025,6,June,Jun,26,4,Friday,Fri,27,2,Q2,False,True,2025-06,2025Q2,2025-W25,23,Night,Summer
ORD-14538,2025-06-28,13:09:44,2025-06-28 13:09:44,Mechanical Keyboard,Office,1,159.99,65.0,0,0.0,159.99,159.99,65.0,94.99,59.37,Website,PayPal,Refunded,hilldonald@example.org,Danielle Brown,New,Los Angeles,CA,West,2025,6,June,Jun,26,5,Saturday,Sat,28,2,Q2,True,False,2025-06,2025Q2,2025-W25,13,Afternoon,Summer
ORD-14965,2025-06-30,02:40:10,2025-06-30 02:40:10,Monitor Stand,Office,3,89.99,28.0,10,27.0,269.97,242.97,84.0,158.97,65.43,Amazon,PayPal,Refunded,yharris@example.org,Eric Adams,Returning,Minneapolis,MN,Midwest,2025,6,June,Jun,27,0,Monday,Mon,30,2,Q2,False,True,2025-06,2025Q2,2025-W26,2,Night,Summer
ORD-13687,2025-06-30,10:13:15,2025-06-30 10:13:15,Monitor Stand,Office,2,89.99,28.0,10,18.0,179.98,161.98,56.0,105.98,65.43,Website,PayPal,Refunded,robbinsdavid@example.net,Marcus Clarke,New,Los Angeles,CA,West,2025,6,June,Jun,27,0,Monday,Mon,30,2,Q2,False,True,2025-06,2025Q2,2025-W26,10,Morning,Summer
ORD-12772,2025-06-30,18:51:13,2025-06-30 18:51:13,Desk Organizer,Office,2,49.99,15.0,0,0.0,99.98,99.98,30.0,69.98,69.99,Email Campaign,PayPal,Refunded,hayleytorres@example.com,Alicia Barrett,New,Philadelphia,PA,Northeast,2025,6,June,Jun,27,0,Monday,Mon,30,2,Q2,False,True,2025-06,2025Q2,2025-W26,18,Evening,Summer
ORD-12444,2025-07-02,15:49:53,2025-07-02 15:49:53,Laptop Pro X1,Electronics,2,1299.99,800.0,15,390.0,2599.98,2209.98,1600.0,609.98,27.6,Amazon,Credit Card,Refunded,gabriellejones@example.org,Jacqueline Hall,New,Los Angeles,CA,West,2025,7,July,Jul,27,2,Wednesday,Wed,2,3,Q3,False,True,2025-07,2025Q3,2025-W26,15,Afternoon,Summer
ORD-12390,2025-07-06,18:17:25,2025-07-06 18:17:25,Ergonomic Mouse,Office,1,69.99,22.0,10,7.0,69.99,62.99,22.0,40.99,65.07,Mobile App,Apple Pay,Refunded,drichardson@example.org,Lance Atkinson,New,San Diego,CA,West,2025,7,July,Jul,27,6,Sunday,Sun,6,3,Q3,True,False,2025-07,2025Q3,2025-W27,18,Evening,Summer
ORD-11345,2025-07-09,11:00:27,2025-07-09 11:00:27,Wireless Headphones,Electronics,4,299.99,120.0,15,179.99,1199.96,1019.97,480.0,539.97,52.94,Email Campaign,Credit Card,Refunded,briangonzalez@example.org,Maria Terry,New,Phoenix,AZ,West,2025,7,July,Jul,28,2,Wednesday,Wed,9,3,Q3,False,True,2025-07,2025Q3,2025-W27,11,Morning,Summer
ORD-10402,2025-07-12,09:08:36,2025-07-12 09:08:36,Screen Protector,Accessories,2,19.99,4.0,10,4.0,39.98,35.98,8.0,27.98,77.77,Website,Debit Card,Refunded,ctorres@example.org,Diane Mack,Returning,Atlanta,GA,South,2025,7,July,Jul,28,5,Saturday,Sat,12,3,Q3,True,False,2025-07,2025Q3,2025-W27,9,Morning,Summer
ORD-11269,2025-07-13,10:26:06,2025-07-13 10:26:06,Laptop Pro X1,Electronics,2,1299.99,800.0,5,130.0,2599.98,2469.98,1600.0,869.98,35.22,Mobile App,Bank Transfer,Refunded,eric09@example.com,Tony Jordan,New,Denver,CO,West,2025,7,July,Jul,28,6,Sunday,Sun,13,3,Q3,True,False,2025-07,2025Q3,2025-W28,10,Morning,Summer
ORD-11194,2025-07-19,15:23:14,2025-07-19 15:23:14,USB-C Hub 7-in-1,Accessories,1,79.99,25.0,10,8.0,79.99,71.99,25.0,46.99,65.27,Mobile App,Credit Card,Refunded,tammysanchez@example.com,James Macdonald,New,San Antonio,TX,South,2025,7,July,Jul,29,5,Saturday,Sat,19,3,Q3,True,False,2025-07,2025Q3,2025-W28,15,Afternoon,Summer
ORD-12396,2025-07-21,12:19:52,2025-07-21 12:19:52,USB-C Hub 7-in-1,Accessories,1,79.99,25.0,0,0.0,79.99,79.99,25.0,54.99,68.75,Amazon,Debit Card,Refunded,joshuaschmidt@example.org,Jerry Jones,Returning,Phoenix,AZ,West,2025,7,July,Jul,30,0,Monday,Mon,21,3,Q3,False,True,2025-07,2025Q3,2025-W29,12,Afternoon,Summer
ORD-12636,2025-07-22,17:40:19,2025-07-22 17:40:19,Screen Protector,Accessories,1,19.99,4.0,0,0.0,19.99,19.99,4.0,15.99,79.99,Website,Apple Pay,Refunded,gloriaanderson@example.com,Peter Jordan,New,New York,NY,Northeast,2025,7,July,Jul,30,1,Tuesday,Tue,22,3,Q3,False,True,2025-07,2025Q3,2025-W29,17,Evening,Summer
ORD-12583,2025-07-26,12:30:38,2025-07-26 12:30:38,Python Course,Digital,2,199.99,5.0,0,0.0,399.98,399.98,10.0,389.98,97.5,Email Campaign,PayPal,Refunded,jessicajensen@example.org,Mary Cruz,Returning,Phoenix,AZ,West,2025,7,July,Jul,30,5,Saturday,Sat,26,3,Q3,True,False,2025-07,2025Q3,2025-W29,12,Afternoon,Summer
ORD-11866,2025-07-27,07:05:46,2025-07-27 07:05:46,Phone Case Premium,Accessories,1,34.99,8.0,20,7.0,34.99,27.99,8.0,19.99,71.42,Mobile App,PayPal,Refunded,hjackson@example.net,Krystal Dunn,New,Seattle,WA,West,2025,7,July,Jul,30,6,Sunday,Sun,27,3,Q3,True,False,2025-07,2025Q3,2025-W30,7,Morning,Summer
ORD-14304,2025-07-27,20:55:26,2025-07-27 20:55:26,SQL for Beginners,Digital,1,79.99,5.0,5,4.0,79.99,75.99,5.0,70.99,93.42,Mobile App,Apple Pay,Refunded,meganwilson@example.org,Cory Turner,New,Atlanta,GA,South,2025,7,July,Jul,30,6,Sunday,Sun,27,3,Q3,True,False,2025-07,2025Q3,2025-W30,20,Evening,Summer
ORD-11047,2025-07-28,13:29:00,2025-07-28 13:29:00,USB-C Hub 7-in-1,Accessories,1,79.99,25.0,0,0.0,79.99,79.99,25.0,54.99,68.75,Mobile App,Debit Card,Refunded,jamescruz@example.com,Matthew Williams,Returning,Phoenix,AZ,West,2025,7,July,Jul,31,0,Monday,Mon,28,3,Q3,False,True,2025-07,2025Q3,2025-W30,13,Afternoon,Summer
ORD-10487,2025-07-29,13:55:33,2025-07-29 13:55:33,Bluetooth Speaker,Electronics,1,129.99,45.0,20,26.0,129.99,103.99,45.0,58.99,56.73,Website,Credit Card,Refunded,audrey60@example.net,Angelica Edwards,New,Denver,CO,West,2025,7,July,Jul,31,1,Tuesday,Tue,29,3,Q3,False,True,2025-07,2025Q3,2025-W30,13,Afternoon,Summer
ORD-11663,2025-08-01,22:11:56,2025-08-01 22:11:56,SQL for Beginners,Digital,2,79.99,5.0,0,0.0,159.98,159.98,10.0,149.98,93.75,Email Campaign,Credit Card,Refunded,jeffreygallegos@example.org,Rhonda Powers,Returning,Houston,TX,South,2025,8,August,Aug,31,4,Friday,Fri,1,3,Q3,False,True,2025-08,2025Q3,2025-W30,22,Night,Summer
ORD-14949,2025-08-01,22:21:25,2025-08-01 22:21:25,Ergonomic Mouse,Office,1,69.99,22.0,0,0.0,69.99,69.99,22.0,47.99,68.57,Amazon,Debit Card,Refunded,clarksamuel@example.com,Amy Chapman,New,Boston,MA,Northeast,2025,8,August,Aug,31,4,Friday,Fri,1,3,Q3,False,True,2025-08,2025Q3,2025-W30,22,Night,Summer
ORD-14658,2025-08-02,12:26:02,2025-08-02 12:26:02,Excel Masterclass,Digital,1,99.99,5.0,5,5.0,99.99,94.99,5.0,89.99,94.74,Website,PayPal,Refunded,fberger@example.com,Ivan Wilson,Returning,Seattle,WA,West,2025,8,August,Aug,31,5,Saturday,Sat,2,3,Q3,True,False,2025-08,2025Q3,2025-W30,12,Afternoon,Summer
ORD-11078,2025-08-04,17:04:00,2025-08-04 17:04:00,Wireless Headphones,Electronics,2,299.99,120.0,0,0.0,599.98,599.98,240.0,359.98,60.0,Website,Apple Pay,Refunded,riveraadam@example.org,Dr. Mary Fields DDS,New,Dallas,TX,South,2025,8,August,Aug,32,0,Monday,Mon,4,3,Q3,False,True,2025-08,2025Q3,2025-W31,17,Evening,Summer
ORD-11805,2025-08-05,18:38:42,2025-08-05 18:38:42,Smart Watch Series 5,Electronics,2,449.99,180.0,0,0.0,899.98,899.98,360.0,539.98,60.0,Mobile App,PayPal,Refunded,fordtammie@example.net,Danny Marshall,Returning,Dallas,TX,South,2025,8,August,Aug,32,1,Tuesday,Tue,5,3,Q3,False,True,2025-08,2025Q3,2025-W31,18,Evening,Summer
ORD-11627,2025-08-07,16:03:59,2025-08-07 16:03:59,SQL for Beginners,Digital,2,79.99,5.0,5,8.0,159.98,151.98,10.0,141.98,93.42,Amazon,Credit Card,Refunded,scott97@example.net,Eugene Mendez,New,Philadelphia,PA,Northeast,2025,8,August,Aug,32,3,Thursday,Thu,7,3,Q3,False,True,2025-08,2025Q3,2025-W31,16,Afternoon,Summer
ORD-14191,2025-08-09,16:40:40,2025-08-09 16:40:40,Phone Case Premium,Accessories,1,34.99,8.0,0,0.0,34.99,34.99,8.0,26.99,77.14,Mobile App,Credit Card,Refunded,ldaniel@example.org,Michelle Peters,New,Denver,CO,West,2025,8,August,Aug,32,5,Saturday,Sat,9,3,Q3,True,False,2025-08,2025Q3,2025-W31,16,Afternoon,Summer
ORD-11918,2025-08-09,20:48:01,2025-08-09 20:48:01,Laptop Bag Leather,Accessories,2,89.99,30.0,0,0.0,179.98,179.98,60.0,119.98,66.66,Amazon,Credit Card,Refunded,justinevans@example.net,Julie Richards,Returning,Minneapolis,MN,Midwest,2025,8,August,Aug,32,5,Saturday,Sat,9,3,Q3,True,False,2025-08,2025Q3,2025-W31,20,Evening,Summer
ORD-14274,2025-08-13,11:59:38,2025-08-13 11:59:38,Excel Masterclass,Digital,3,99.99,5.0,5,15.0,299.97,284.97,15.0,269.97,94.74,Website,Apple Pay,Refunded,stephanie58@example.net,Jacqueline Perry,New,Boston,MA,Northeast,2025,8,August,Aug,33,2,Wednesday,Wed,13,3,Q3,False,True,2025-08,2025Q3,2025-W32,11,Morning,Summer
ORD-13304,2025-08-18,10:13:48,2025-08-18 10:13:48,USB-C Hub 7-in-1,Accessories,1,79.99,25.0,5,4.0,79.99,75.99,25.0,50.99,67.1,Email Campaign,Debit Card,Refunded,andrewgonzales@example.com,Kaitlyn Grant,New,Boston,MA,Northeast,2025,8,August,Aug,34,0,Monday,Mon,18,3,Q3,False,True,2025-08,2025Q3,2025-W33,10,Morning,Summer
ORD-14554,2025-08-21,13:47:50,2025-08-21 13:47:50,Monitor Stand,Office,1,89.99,28.0,10,9.0,89.99,80.99,28.0,52.99,65.43,Social Media,Debit Card,Refunded,nancy87@example.net,Brianna Gordon,Returning,Phoenix,AZ,West,2025,8,August,Aug,34,3,Thursday,Thu,21,3,Q3,False,True,2025-08,2025Q3,2025-W33,13,Afternoon,Summer
ORD-13511,2025-08-21,15:55:35,2025-08-21 15:55:35,USB-C Hub 7-in-1,Accessories,2,79.99,25.0,10,16.0,159.98,143.98,50.0,93.98,65.27,Website,Bank Transfer,Refunded,lauren85@example.net,Stephanie Fletcher,New,Houston,TX,South,2025,8,August,Aug,34,3,Thursday,Thu,21,3,Q3,False,True,2025-08,2025Q3,2025-W33,15,Afternoon,Summer
ORD-11141,2025-08-22,10:28:19,2025-08-22 10:28:19,Bluetooth Speaker,Electronics,1,129.99,45.0,5,6.5,129.99,123.49,45.0,78.49,63.56,Website,PayPal,Refunded,wwilliams@example.com,Daniel Perez,Returning,Chicago,IL,Midwest,2025,8,August,Aug,34,4,Friday,Fri,22,3,Q3,False,True,2025-08,2025Q3,2025-W33,10,Morning,Summer
ORD-10767,2025-08-27,18:38:27,2025-08-27 18:38:27,Excel Masterclass,Digital,1,99.99,5.0,15,15.0,99.99,84.99,5.0,79.99,94.12,Amazon,Apple Pay,Refunded,crystal82@example.org,Tammy Compton,New,Philadelphia,PA,Northeast,2025,8,August,Aug,35,2,Wednesday,Wed,27,3,Q3,False,True,2025-08,2025Q3,2025-W34,18,Evening,Summer
ORD-11383,2025-09-01,17:34:10,2025-09-01 17:34:10,Laptop Pro X1,Electronics,3,1299.99,800.0,0,0.0,3899.97,3899.97,2400.0,1499.97,38.46,Website,Bank Transfer,Refunded,margaretjacobs@example.net,John Brown,New,Houston,TX,South,2025,9,September,Sep,36,0,Monday,Mon,1,3,Q3,False,True,2025-09,2025Q3,2025-W35,17,Evening,Fall
ORD-14454,2025-09-03,19:02:53,2025-09-03 19:02:53,Bluetooth Speaker,Electronics,1,129.99,45.0,0,0.0,129.99,129.99,45.0,84.99,65.38,Email Campaign,Debit Card,Refunded,bensonmegan@example.org,Gary Ramirez,New,Los Angeles,CA,West,2025,9,September,Sep,36,2,Wednesday,Wed,3,3,Q3,False,True,2025-09,2025Q3,2025-W35,19,Evening,Fall
ORD-13885,2025-09-09,13:29:35,2025-09-09 13:29:35,SQL for Beginners,Digital,1,79.99,5.0,0,0.0,79.99,79.99,5.0,74.99,93.75,Website,Credit Card,Refunded,wboyle@example.org,Angel Walker,New,New York,NY,Northeast,2025,9,September,Sep,37,1,Tuesday,Tue,9,3,Q3,False,True,2025-09,2025Q3,2025-W36,13,Afternoon,Fall
ORD-13407,2025-09-10,17:51:26,2025-09-10 17:51:26,Ergonomic Mouse,Office,2,69.99,22.0,15,21.0,139.98,118.98,44.0,74.98,63.02,Mobile App,Apple Pay,Refunded,lunaelizabeth@example.org,Patrick Rodriguez,New,Phoenix,AZ,West,2025,9,September,Sep,37,2,Wednesday,Wed,10,3,Q3,False,True,2025-09,2025Q3,2025-W36,17,Evening,Fall
ORD-12750,2025-09-18,07:54:41,2025-09-18 07:54:41,Laptop Bag Leather,Accessories,2,89.99,30.0,20,36.0,179.98,143.98,60.0,83.98,58.33,Amazon,Apple Pay,Refunded,paul46@example.org,Tony Benson,New,Los Angeles,CA,West,2025,9,September,Sep,38,3,Thursday,Thu,18,3,Q3,False,True,2025-09,2025Q3,2025-W37,7,Morning,Fall
ORD-12935,2025-09-22,09:43:12,2025-09-22 09:43:12,USB-C Hub 7-in-1,Accessories,1,79.99,25.0,0,0.0,79.99,79.99,25.0,54.99,68.75,Website,PayPal,Refunded,sedwards@example.org,Lisa Smith,New,Chicago,IL,Midwest,2025,9,September,Sep,39,0,Monday,Mon,22,3,Q3,False,True,2025-09,2025Q3,2025-W38,9,Morning,Fall
ORD-10013,2025-09-22,19:48:34,2025-09-22 19:48:34,USB-C Hub 7-in-1,Accessories,1,79.99,25.0,0,0.0,79.99,79.99,25.0,54.99,68.75,Mobile App,Debit Card,Refunded,rodriguezjerry@example.net,Summer Nelson,Returning,Dallas,TX,South,2025,9,September,Sep,39,0,Monday,Mon,22,3,Q3,False,True,2025-09,2025Q3,2025-W38,19,Evening,Fall
ORD-11201,2025-09-23,12:59:48,2025-09-23 12:59:48,Wireless Headphones,Electronics,2,299.99,120.0,10,60.0,599.98,539.98,240.0,299.98,55.55,Website,Credit Card,Refunded,dneal@example.net,Lisa Allen,Returning,Los Angeles,CA,West,2025,9,September,Sep,39,1,Tuesday,Tue,23,3,Q3,False,True,2025-09,2025Q3,2025-W38,12,Afternoon,Fall
ORD-13741,2025-09-23,16:19:46,2025-09-23 16:19:46,Phone Case Premium,Accessories,1,34.99,8.0,5,1.75,34.99,33.24,8.0,25.24,75.93,Mobile App,Credit Card,Refunded,jonescynthia@example.com,Kristina Miller,Returning,Phoenix,AZ,West,2025,9,September,Sep,39,1,Tuesday,Tue,23,3,Q3,False,True,2025-09,2025Q3,2025-W38,16,Afternoon,Fall
ORD-14614,2025-09-24,12:21:28,2025-09-24 12:21:28,Monitor Stand,Office,1,89.99,28.0,15,13.5,89.99,76.49,28.0,48.49,63.39,Amazon,PayPal,Refunded,christophergonzalez@example.net,Elizabeth Vaughn,Returning,New York,NY,Northeast,2025,9,September,Sep,39,2,Wednesday,Wed,24,3,Q3,False,True,2025-09,2025Q3,2025-W38,12,Afternoon,Fall
ORD-13168,2025-09-26,11:00:48,2025-09-26 11:00:48,Laptop Bag Leather,Accessories,2,89.99,30.0,0,0.0,179.98,179.98,60.0,119.98,66.66,Amazon,Bank Transfer,Refunded,johnsoncourtney@example.com,Michael Carlson,New,Chicago,IL,Midwest,2025,9,September,Sep,39,4,Friday,Fri,26,3,Q3,False,True,2025-09,2025Q3,2025-W38,11,Morning,Fall
ORD-13601,2025-09-27,12:31:15,2025-09-27 12:31:15,Screen Protector,Accessories,1,19.99,4.0,0,0.0,19.99,19.99,4.0,15.99,79.99,Mobile App,Apple Pay,Refunded,sherri66@example.com,Gregory Collins,New,Denver,CO,West,2025,9,September,Sep,39,5,Saturday,Sat,27,3,Q3,True,False,2025-09,2025Q3,2025-W38,12,Afternoon,Fall
ORD-11000,2025-09-30,18:25:38,2025-09-30 18:25:38,SQL for Beginners,Digital,1,79.99,5.0,0,0.0,79.99,79.99,5.0,74.99,93.75,Amazon,Apple Pay,Refunded,gonzalezdavid@example.net,Darrell Evans,Returning,Houston,TX,South,2025,9,September,Sep,40,1,Tuesday,Tue,30,3,Q3,False,True,2025-09,2025Q3,2025-W39,18,Evening,Fall
ORD-13584,2025-10-07,17:43:49,2025-10-07 17:43:49,SQL for Beginners,Digital,1,79.99,5.0,25,20.0,79.99,59.99,5.0,54.99,91.67,Mobile App,Bank Transfer,Refunded,susan64@example.org,Jesse Bailey,New,Philadelphia,PA,Northeast,2025,10,October,Oct,41,1,Tuesday,Tue,7,4,Q4,False,True,2025-10,2025Q4,2025-W40,17,Evening,Fall
ORD-11732,2025-10-11,12:16:26,2025-10-11 12:16:26,Bluetooth Speaker,Electronics,2,129.99,45.0,15,39.0,259.98,220.98,90.0,130.98,59.27,Website,PayPal,Refunded,msmith@example.org,Yesenia Powell,New,Minneapolis,MN,Midwest,2025,10,October,Oct,41,5,Saturday,Sat,11,4,Q4,True,False,2025-10,2025Q4,2025-W40,12,Afternoon,Fall
ORD-13051,2025-10-12,14:00:46,2025-10-12 14:00:46,Data Science Bundle,Digital,1,299.99,5.0,10,30.0,299.99,269.99,5.0,264.99,98.15,Website,PayPal,Refunded,bryce55@example.net,Benjamin Merritt,New,Seattle,WA,West,2025,10,October,Oct,41,6,Sunday,Sun,12,4,Q4,True,False,2025-10,2025Q4,2025-W41,14,Afternoon,Fall
ORD-13516,2025-10-20,08:29:28,2025-10-20 08:29:28,Excel Masterclass,Digital,1,99.99,5.0,5,5.0,99.99,94.99,5.0,89.99,94.74,Mobile App,PayPal,Refunded,eharris@example.net,Antonio Jensen,New,Atlanta,GA,South,2025,10,October,Oct,43,0,Monday,Mon,20,4,Q4,False,True,2025-10,2025Q4,2025-W42,8,Morning,Fall
ORD-12088,2025-10-22,09:49:09,2025-10-22 09:49:09,Desk Organizer,Office,2,49.99,15.0,15,15.0,99.98,84.98,30.0,54.98,64.7,Email Campaign,Debit Card,Refunded,joshua05@example.net,Nathaniel Simon,Returning,Seattle,WA,West,2025,10,October,Oct,43,2,Wednesday,Wed,22,4,Q4,False,True,2025-10,2025Q4,2025-W42,9,Morning,Fall
ORD-10819,2025-10-25,16:12:54,2025-10-25 16:12:54,USB-C Hub 7-in-1,Accessories,1,79.99,25.0,0,0.0,79.99,79.99,25.0,54.99,68.75,Mobile App,Bank Transfer,Refunded,kellysmith@example.org,Carla Smith,Returning,New York,NY,Northeast,2025,10,October,Oct,43,5,Saturday,Sat,25,4,Q4,True,False,2025-10,2025Q4,2025-W42,16,Afternoon,Fall
ORD-12071,2025-11-03,13:17:21,2025-11-03 13:17:21,Monitor Stand,Office,2,89.99,28.0,5,9.0,179.98,170.98,56.0,114.98,67.25,Mobile App,Debit Card,Refunded,zrodriguez@example.com,Alfred Trevino,Returning,San Antonio,TX,South,2025,11,November,Nov,45,0,Monday,Mon,3,4,Q4,False,True,2025-11,2025Q4,2025-W44,13,Afternoon,Fall
ORD-14821,2025-11-04,15:53:14,2025-11-04 15:53:14,Data Science Bundle,Digital,5,299.99,5.0,20,299.99,1499.95,1199.96,25.0,1174.96,97.92,Social Media,Debit Card,Refunded,petersontony@example.org,Christopher Clarke,New,Houston,TX,South,2025,11,November,Nov,45,1,Tuesday,Tue,4,4,Q4,False,True,2025-11,2025Q4,2025-W44,15,Afternoon,Fall
ORD-12109,2025-11-08,13:35:49,2025-11-08 13:35:49,Laptop Bag Leather,Accessories,2,89.99,30.0,0,0.0,179.98,179.98,60.0,119.98,66.66,Amazon,Debit Card,Refunded,iarmstrong@example.org,Lisa Hardy,Returning,Miami,FL,South,2025,11,November,Nov,45,5,Saturday,Sat,8,4,Q4,True,False,2025-11,2025Q4,2025-W44,13,Afternoon,Fall
ORD-13355,2025-11-11,18:00:55,2025-11-11 18:00:55,Desk Organizer,Office,1,49.99,15.0,0,0.0,49.99,49.99,15.0,34.99,69.99,Mobile App,PayPal,Refunded,wgarcia@example.com,Lisa Ray,Returning,Seattle,WA,West,2025,11,November,Nov,46,1,Tuesday,Tue,11,4,Q4,False,True,2025-11,2025Q4,2025-W45,18,Evening,Fall
ORD-14462,2025-11-11,18:35:00,2025-11-11 18:35:00,Monitor Stand,Office,3,89.99,28.0,5,13.5,269.97,256.47,84.0,172.47,67.25,Amazon,Debit Card,Refunded,omiller@example.net,Nicole Smith,New,New York,NY,Northeast,2025,11,November,Nov,46,1,Tuesday,Tue,11,4,Q4,False,True,2025-11,2025Q4,2025-W45,18,Evening,Fall
ORD-13939,2025-11-18,14:20:33,2025-11-18 14:20:33,Wireless Headphones,Electronics,1,299.99,120.0,0,0.0,299.99,299.99,120.0,179.99,60.0,Mobile App,PayPal,Refunded,christopherfreeman@example.net,James Heath,Returning,New York,NY,Northeast,2025,11,November,Nov,47,1,Tuesday,Tue,18,4,Q4,False,True,2025-11,2025Q4,2025-W46,14,Afternoon,Fall
ORD-13319,2025-11-21,10:13:36,2025-11-21 10:13:36,SQL for Beginners,Digital,4,79.99,5.0,10,32.0,319.96,287.96,20.0,267.96,93.05,Mobile App,PayPal,Refunded,cindy98@example.net,Steven Lewis,Returning,Atlanta,GA,South,2025,11,November,Nov,47,4,Friday,Fri,21,4,Q4,False,True,2025-11,2025Q4,2025-W46,10,Morning,Fall
ORD-10301,2025-11-23,19:52:03,2025-11-23 19:52:03,Phone Case Premium,Accessories,1,34.99,8.0,10,3.5,34.99,31.49,8.0,23.49,74.6,Website,Debit Card,Refunded,ifoster@example.com,Jason Rogers,Returning,San Antonio,TX,South,2025,11,November,Nov,47,6,Sunday,Sun,23,4,Q4,True,False,2025-11,2025Q4,2025-W47,19,Evening,Fall
ORD-10629,2025-11-24,12:57:10,2025-11-24 12:57:10,Excel Masterclass,Digital,2,99.99,5.0,0,0.0,199.98,199.98,10.0,189.98,95.0,Amazon,Apple Pay,Refunded,eric22@example.org,Lindsey Lewis,New,Chicago,IL,Midwest,2025,11,November,Nov,48,0,Monday,Mon,24,4,Q4,False,True,2025-11,2025Q4,2025-W47,12,Afternoon,Fall
ORD-11128,2025-11-24,16:56:17,2025-11-24 16:56:17,USB-C Hub 7-in-1,Accessories,1,79.99,25.0,0,0.0,79.99,79.99,25.0,54.99,68.75,Website,Apple Pay,Refunded,patriciapotter@example.com,Scott Walker,New,Chicago,IL,Midwest,2025,11,November,Nov,48,0,Monday,Mon,24,4,Q4,False,True,2025-11,2025Q4,2025-W47,16,Afternoon,Fall
ORD-10417,2025-11-24,18:58:39,2025-11-24 18:58:39,Python Course,Digital,1,199.99,5.0,10,20.0,199.99,179.99,5.0,174.99,97.22,Website,PayPal,Refunded,glivingston@example.net,Norma Harris,Returning,Atlanta,GA,South,2025,11,November,Nov,48,0,Monday,Mon,24,4,Q4,False,True,2025-11,2025Q4,2025-W47,18,Evening,Fall
ORD-12932,2025-11-25,08:58:03,2025-11-25 08:58:03,Data Science Bundle,Digital,1,299.99,5.0,0,0.0,299.99,299.99,5.0,294.99,98.33,Website,PayPal,Refunded,hhall@example.net,Aaron Gillespie,Returning,Boston,MA,Northeast,2025,11,November,Nov,48,1,Tuesday,Tue,25,4,Q4,False,True,2025-11,2025Q4,2025-W47,8,Morning,Fall
ORD-10388,2025-12-03,11:38:03,2025-12-03 11:38:03,Phone Case Premium,Accessories,2,34.99,8.0,0,0.0,69.98,69.98,16.0,53.98,77.14,Mobile App,Debit Card,Refunded,michaelbaker@example.net,Jeffrey Lee,New,Houston,TX,South,2025,12,December,Dec,49,2,Wednesday,Wed,3,4,Q4,False,True,2025-12,2025Q4,2025-W48,11,Morning,Winter
ORD-14706,2025-12-03,18:59:54,2025-12-03 18:59:54,Excel Masterclass,Digital,2,99.99,5.0,15,30.0,199.98,169.98,10.0,159.98,94.12,Social Media,Credit Card,Refunded,gregory30@example.com,Jose Petty,Returning,Dallas,TX,South,2025,12,December,Dec,49,2,Wednesday,Wed,3,4,Q4,False,True,2025-12,2025Q4,2025-W48,18,Evening,Winter
ORD-12306,2025-12-03,19:12:41,2025-12-03 19:12:41,Data Science Bundle,Digital,1,299.99,5.0,15,45.0,299.99,254.99,5.0,249.99,98.04,Amazon,Debit Card,Refunded,arielstark@example.com,Hunter Hardy,Returning,Philadelphia,PA,Northeast,2025,12,December,Dec,49,2,Wednesday,Wed,3,4,Q4,False,True,2025-12,2025Q4,2025-W48,19,Evening,Winter
ORD-13792,2025-12-04,17:48:55,2025-12-04 17:48:55,Mechanical Keyboard,Office,1,159.99,65.0,0,0.0,159.99,159.99,65.0,94.99,59.37,Website,Credit Card,Refunded,hayessherri@example.com,Brendan Roberts,New,Los Angeles,CA,West,2025,12,December,Dec,49,3,Thursday,Thu,4,4,Q4,False,True,2025-12,2025Q4,2025-W48,17,Evening,Winter
ORD-12844,2025-12-05,15:24:09,2025-12-05 15:24:09,Mechanical Keyboard,Office,1,159.99,65.0,0,0.0,159.99,159.99,65.0,94.99,59.37,Amazon,Debit Card,Refunded,joyce11@example.com,Randy Schmidt,Returning,San Antonio,TX,South,2025,12,December,Dec,49,4,Friday,Fri,5,4,Q4,False,True,2025-12,2025Q4,2025-W48,15,Afternoon,Winter
ORD-11887,2025-12-06,18:30:08,2025-12-06 18:30:08,Mechanical Keyboard,Office,1,159.99,65.0,0,0.0,159.99,159.99,65.0,94.99,59.37,Website,Credit Card,Refunded,walkerbrent@example.net,Holly Peck,New,Houston,TX,South,2025,12,December,Dec,49,5,Saturday,Sat,6,4,Q4,True,False,2025-12,2025Q4,2025-W48,18,Evening,Winter
ORD-14839,2025-12-11,20:10:45,2025-12-11 20:10:45,Phone Case Premium,Accessories,1,34.99,8.0,15,5.25,34.99,29.74,8.0,21.74,73.1,Mobile App,Bank Transfer,Refunded,philipmcdaniel@example.org,Lauren Vang,New,Philadelphia,PA,Northeast,2025,12,December,Dec,50,3,Thursday,Thu,11,4,Q4,False,True,2025-12,2025Q4,2025-W49,20,Evening,Winter
ORD-10732,2025-12-12,12:36:56,2025-12-12 12:36:56,Monitor Stand,Office,1,89.99,28.0,5,4.5,89.99,85.49,28.0,57.49,67.25,Mobile App,PayPal,Refunded,mgarcia@example.com,Chris Rose,Returning,Boston,MA,Northeast,2025,12,December,Dec,50,4,Friday,Fri,12,4,Q4,False,True,2025-12,2025Q4,2025-W49,12,Afternoon,Winter
ORD-10910,2025-12-16,15:20:48,2025-12-16 15:20:48,Data Science Bundle,Digital,2,299.99,5.0,10,60.0,599.98,539.98,10.0,529.98,98.15,Website,PayPal,Refunded,theodoremorgan@example.net,Richard Roth,New,Miami,FL,South,2025,12,December,Dec,51,1,Tuesday,Tue,16,4,Q4,False,True,2025-12,2025Q4,2025-W50,15,Afternoon,Winter
ORD-10207,2025-12-17,20:14:13,2025-12-17 20:14:13,Monitor Stand,Office,1,89.99,28.0,20,18.0,89.99,71.99,28.0,43.99,61.11,Mobile App,Credit Card,Refunded,dave93@example.com,Calvin Carr,New,Denver,CO,West,2025,12,December,Dec,51,2,Wednesday,Wed,17,4,Q4,False,True,2025-12,2025Q4,2025-W50,20,Evening,Winter
ORD-10026,2025-12-19,01:52:35,2025-12-19 01:52:35,Data Science Bundle,Digital,3,299.99,5.0,0,0.0,899.97,899.97,15.0,884.97,98.33,Amazon,Debit Card,Refunded,luke03@example.org,Alicia Jones,Returning,Minneapolis,MN,Midwest,2025,12,December,Dec,51,4,Friday,Fri,19,4,Q4,False,True,2025-12,2025Q4,2025-W50,1,Night,Winter
ORD-13551,2025-12-20,21:46:50,2025-12-20 21:46:50,Screen Protector,Accessories,1,19.99,4.0,0,0.0,19.99,19.99,4.0,15.99,79.99,Website,Apple Pay,Refunded,richardbooker@example.com,Julie Larsen,Returning,San Diego,CA,West,2025,12,December,Dec,51,5,Saturday,Sat,20,4,Q4,True,False,2025-12,2025Q4,2025-W50,21,Night,Winter
ORD-11782,2025-12-23,14:26:56,2025-12-23 14:26:56,Wireless Headphones,Electronics,1,299.99,120.0,5,15.0,299.99,284.99,120.0,164.99,57.89,Website,Debit Card,Refunded,stephaniejones@example.net,Samuel Khan,New,Houston,TX,South,2025,12,December,Dec,52,1,Tuesday,Tue,23,4,Q4,False,True,2025-12,2025Q4,2025-W51,14,Afternoon,Winter
ORD-11736,2025-12-23,14:32:02,2025-12-23 14:32:02,Screen Protector,Accessories,2,19.99,4.0,25,9.99,39.98,29.98,8.0,21.98,73.32,Amazon,Credit Card,Refunded,johngonzales@example.net,Cody Smith,New,Dallas,TX,South,2025,12,December,Dec,52,1,Tuesday,Tue,23,4,Q4,False,True,2025-12,2025Q4,2025-W51,14,Afternoon,Winter
ORD-10458,2025-12-27,21:07:11,2025-12-27 21:07:11,Excel Masterclass,Digital,2,99.99,5.0,0,0.0,199.98,199.98,10.0,189.98,95.0,Mobile App,Apple Pay,Refunded,matthewcooper@example.net,Tina Hudson,New,New York,NY,Northeast,2025,12,December,Dec,52,5,Saturday,Sat,27,4,Q4,True,False,2025-12,2025Q4,2025-W51,21,Night,Winter
ORD-12807,2025-12-28,11:25:40,2025-12-28 11:25:40,Smart Watch Series 5,Electronics,1,449.99,180.0,5,22.5,449.99,427.49,180.0,247.49,57.89,Website,Debit Card,Refunded,benjaminthomas@example.com,Ashley Roy,New,Minneapolis,MN,Midwest,2025,12,December,Dec,52,6,Sunday,Sun,28,4,Q4,True,False,2025-12,2025Q4,2025-W52,11,Morning,Winter
ORD-12105,2025-12-29,16:47:02,2025-12-29 16:47:02,Mechanical Keyboard,Office,3,159.99,65.0,0,0.0,479.97,479.97,195.0,284.97,59.37,Website,PayPal,Refunded,slopez@example.org,Jacqueline Curry,New,San Diego,CA,West,2025,12,December,Dec,1,0,Monday,Mon,29,4,Q4,False,True,2025-12,2025Q4,2025-W52,16,Afternoon,Winter
ORD-11889,2026-01-01,10:21:53,2026-01-01 10:21:53,Screen Protector,Accessories,1,19.99,4.0,15,3.0,19.99,16.99,4.0,12.99,76.46,Website,PayPal,Refunded,fdecker@example.org,Frank Singh,New,Dallas,TX,South,2026,1,January,Jan,1,3,Thursday,Thu,1,1,Q1,False,True,2026-01,2026Q1,2026-W00,10,Morning,Winter
ORD-14759,2026-01-04,14:49:52,2026-01-04 14:49:52,Phone Case Premium,Accessories,1,34.99,8.0,15,5.25,34.99,29.74,8.0,21.74,73.1,Amazon,Bank Transfer,Refunded,imiddleton@example.org,Mr. Kenneth Petersen,New,San Antonio,TX,South,2026,1,January,Jan,1,6,Sunday,Sun,4,1,Q1,True,False,2026-01,2026Q1,2026-W01,14,Afternoon,Winter
ORD-10406,2026-01-07,09:49:18,2026-01-07 09:49:18,SQL for Beginners,Digital,1,79.99,5.0,5,4.0,79.99,75.99,5.0,70.99,93.42,Mobile App,PayPal,Refunded,daviesdarrell@example.com,Susan Soto,New,Atlanta,GA,South,2026,1,January,Jan,2,2,Wednesday,Wed,7,1,Q1,False,True,2026-01,2026Q1,2026-W01,9,Morning,Winter
ORD-12865,2026-01-07,21:31:32,2026-01-07 21:31:32,Screen Protector,Accessories,1,19.99,4.0,20,4.0,19.99,15.99,4.0,11.99,74.99,Mobile App,Bank Transfer,Refunded,tperez@example.org,Michael Silva,Returning,Miami,FL,South,2026,1,January,Jan,2,2,Wednesday,Wed,7,1,Q1,False,True,2026-01,2026Q1,2026-W01,21,Night,Winter
ORD-11733,2026-01-14,10:55:58,2026-01-14 10:55:58,Mechanical Keyboard,Office,1,159.99,65.0,10,16.0,159.99,143.99,65.0,78.99,54.86,Website,Debit Card,Refunded,mdavis@example.com,Bernard Ford,Returning,Denver,CO,West,2026,1,January,Jan,3,2,Wednesday,Wed,14,1,Q1,False,True,2026-01,2026Q1,2026-W02,10,Morning,Winter
ORD-13738,2026-01-15,09:29:31,2026-01-15 09:29:31,Wireless Headphones,Electronics,2,299.99,120.0,0,0.0,599.98,599.98,240.0,359.98,60.0,Website,Credit Card,Refunded,shannongordon@example.net,Megan Stout,New,Los Angeles,CA,West,2026,1,January,Jan,3,3,Thursday,Thu,15,1,Q1,False,True,2026-01,2026Q1,2026-W02,9,Morning,Winter
ORD-14803,2026-01-15,17:14:30,2026-01-15 17:14:30,Ergonomic Mouse,Office,2,69.99,22.0,20,28.0,139.98,111.98,44.0,67.98,60.71,Website,Debit Card,Refunded,alexandercarlos@example.com,Melissa Maldonado,New,Denver,CO,West,2026,1,January,Jan,3,3,Thursday,Thu,15,1,Q1,False,True,2026-01,2026Q1,2026-W02,17,Evening,Winter
ORD-14534,2026-01-15,22:38:36,2026-01-15 22:38:36,Data Science Bundle,Digital,1,299.99,5.0,0,0.0,299.99,299.99,5.0,294.99,98.33,Website,Debit Card,Refunded,marcushall@example.org,Howard Clark,New,Chicago,IL,Midwest,2026,1,January,Jan,3,3,Thursday,Thu,15,1,Q1,False,True,2026-01,2026Q1,2026-W02,22,Night,Winter
ORD-12170,2026-01-16,16:39:17,2026-01-16 16:39:17,SQL for Beginners,Digital,1,79.99,5.0,5,4.0,79.99,75.99,5.0,70.99,93.42,Website,Credit Card,Refunded,jose89@example.org,Steven Huynh,New,Dallas,TX,South,2026,1,January,Jan,3,4,Friday,Fri,16,1,Q1,False,True,2026-01,2026Q1,2026-W02,16,Afternoon,Winter
ORD-14485,2026-01-17,09:59:51,2026-01-17 09:59:51,Data Science Bundle,Digital,1,299.99,5.0,10,30.0,299.99,269.99,5.0,264.99,98.15,Website,Credit Card,Refunded,vanessafleming@example.org,Lisa Martin,New,New York,NY,Northeast,2026,1,January,Jan,3,5,Saturday,Sat,17,1,Q1,True,False,2026-01,2026Q1,2026-W02,9,Morning,Winter
ORD-14589,2026-01-18,21:53:27,2026-01-18 21:53:27,SQL for Beginners,Digital,5,79.99,5.0,0,0.0,399.95,399.95,25.0,374.95,93.75,Amazon,Credit Card,Refunded,dawnwalker@example.com,Jesus Snyder,New,Seattle,WA,West,2026,1,January,Jan,3,6,Sunday,Sun,18,1,Q1,True,False,2026-01,2026Q1,2026-W03,21,Night,Winter
ORD-14907,2026-01-19,08:41:47,2026-01-19 08:41:47,Bluetooth Speaker,Electronics,1,129.99,45.0,0,0.0,129.99,129.99,45.0,84.99,65.38,Mobile App,Apple Pay,Refunded,michaelbrown@example.net,Mark Mendez,Returning,San Antonio,TX,South,2026,1,January,Jan,4,0,Monday,Mon,19,1,Q1,False,True,2026-01,2026Q1,2026-W03,8,Morning,Winter
ORD-11777,2026-01-19,09:34:53,2026-01-19 09:34:53,Python Course,Digital,1,199.99,5.0,0,0.0,199.99,199.99,5.0,194.99,97.5,Social Media,PayPal,Refunded,ijacobson@example.org,Vanessa Smith,Returning,Houston,TX,South,2026,1,January,Jan,4,0,Monday,Mon,19,1,Q1,False,True,2026-01,2026Q1,2026-W03,9,Morning,Winter
ORD-12508,2026-01-19,13:43:11,2026-01-19 13:43:11,Wireless Headphones,Electronics,1,299.99,120.0,5,15.0,299.99,284.99,120.0,164.99,57.89,Social Media,Credit Card,Refunded,jacksonterry@example.org,Michael Mccoy,Returning,Chicago,IL,Midwest,2026,1,January,Jan,4,0,Monday,Mon,19,1,Q1,False,True,2026-01,2026Q1,2026-W03,13,Afternoon,Winter
ORD-13622,2026-01-20,15:49:51,2026-01-20 15:49:51,Screen Protector,Accessories,1,19.99,4.0,0,0.0,19.99,19.99,4.0,15.99,79.99,Social Media,Bank Transfer,Refunded,carlsonamber@example.com,Joshua Davis,Returning,Denver,CO,West,2026,1,January,Jan,4,1,Tuesday,Tue,20,1,Q1,False,True,2026-01,2026Q1,2026-W03,15,Afternoon,Winter
ORD-11704,2026-01-20,17:27:31,2026-01-20 17:27:31,Desk Organizer,Office,1,49.99,15.0,0,0.0,49.99,49.99,15.0,34.99,69.99,Website,Debit Card,Refunded,alawrence@example.com,Heather Smith,New,San Diego,CA,West,2026,1,January,Jan,4,1,Tuesday,Tue,20,1,Q1,False,True,2026-01,2026Q1,2026-W03,17,Evening,Winter
ORD-11579,2026-01-21,14:09:17,2026-01-21 14:09:17,Screen Protector,Accessories,1,19.99,4.0,0,0.0,19.99,19.99,4.0,15.99,79.99,Amazon,Credit Card,Refunded,wboyd@example.net,Taylor Blackburn,Returning,Phoenix,AZ,West,2026,1,January,Jan,4,2,Wednesday,Wed,21,1,Q1,False,True,2026-01,2026Q1,2026-W03,14,Afternoon,Winter
ORD-14453,2026-01-23,20:46:24,2026-01-23 20:46:24,Laptop Bag Leather,Accessories,2,89.99,30.0,10,18.0,179.98,161.98,60.0,101.98,62.96,Mobile App,Bank Transfer,Refunded,lisamalone@example.net,Lee Taylor,Returning,Los Angeles,CA,West,2026,1,January,Jan,4,4,Friday,Fri,23,1,Q1,False,True,2026-01,2026Q1,2026-W03,20,Evening,Winter
ORD-13697,2026-01-28,13:20:56,2026-01-28 13:20:56,Wireless Headphones,Electronics,1,299.99,120.0,10,30.0,299.99,269.99,120.0,149.99,55.55,Website,Debit Card,Refunded,billy30@example.net,Tyler Baker,New,Los Angeles,CA,West,2026,1,January,Jan,5,2,Wednesday,Wed,28,1,Q1,False,True,2026-01,2026Q1,2026-W04,13,Afternoon,Winter
ORD-13952,2026-01-30,14:57:03,2026-01-30 14:57:03,Mechanical Keyboard,Office,1,159.99,65.0,0,0.0,159.99,159.99,65.0,94.99,59.37,Mobile App,Credit Card,Refunded,victorruiz@example.net,Mrs. Margaret Ross,Returning,Seattle,WA,West,2026,1,January,Jan,5,4,Friday,Fri,30,1,Q1,False,True,2026-01,2026Q1,2026-W04,14,Afternoon,Winter
ORD-11425,2026-01-31,09:36:06,2026-01-31 09:36:06,Monitor Stand,Office,2,89.99,28.0,0,0.0,179.98,179.98,56.0,123.98,68.89,Amazon,Bank Transfer,Refunded,tcohen@example.net,Sharon Stark,New,Atlanta,GA,South,2026,1,January,Jan,5,5,Saturday,Sat,31,1,Q1,True,False,2026-01,2026Q1,2026-W04,9,Morning,Winter
ORD-10815,2026-01-31,14:43:45,2026-01-31 14:43:45,USB-C Hub 7-in-1,Accessories,1,79.99,25.0,10,8.0,79.99,71.99,25.0,46.99,65.27,Social Media,Apple Pay,Refunded,paige18@example.org,Michelle Bell,Returning,Minneapolis,MN,Midwest,2026,1,January,Jan,5,5,Saturday,Sat,31,1,Q1,True,False,2026-01,2026Q1,2026-W04,14,Afternoon,Winter
ORD-11495,2026-02-01,09:57:10,2026-02-01 09:57:10,Excel Masterclass,Digital,2,99.99,5.0,10,20.0,199.98,179.98,10.0,169.98,94.44,Mobile App,PayPal,Refunded,gmoore@example.org,Evan Riley,New,Houston,TX,South,2026,2,February,Feb,5,6,Sunday,Sun,1,1,Q1,True,False,2026-02,2026Q1,2026-W05,9,Morning,Winter
ORD-13322,2026-02-01,21:06:04,2026-02-01 21:06:04,Phone Case Premium,Accessories,1,34.99,8.0,20,7.0,34.99,27.99,8.0,19.99,71.42,Mobile App,Debit Card,Refunded,margaretjones@example.com,Nancy Jenkins,New,Seattle,WA,West,2026,2,February,Feb,5,6,Sunday,Sun,1,1,Q1,True,False,2026-02,2026Q1,2026-W05,21,Night,Winter
ORD-11157,2026-02-02,23:12:26,2026-02-02 23:12:26,Phone Case Premium,Accessories,2,34.99,8.0,5,3.5,69.98,66.48,16.0,50.48,75.93,Mobile App,PayPal,Refunded,treyes@example.com,Denise Wood,New,Denver,CO,West,2026,2,February,Feb,6,0,Monday,Mon,2,1,Q1,False,True,2026-02,2026Q1,2026-W05,23,Night,Winter
ORD-14809,2026-02-03,08:12:31,2026-02-03 08:12:31,Wireless Headphones,Electronics,2,299.99,120.0,5,30.0,599.98,569.98,240.0,329.98,57.89,Website,Credit Card,Refunded,cooperjessica@example.com,John Garcia,Returning,Phoenix,AZ,West,2026,2,February,Feb,6,1,Tuesday,Tue,3,1,Q1,False,True,2026-02,2026Q1,2026-W05,8,Morning,Winter
ORD-11304,2026-02-06,05:05:33,2026-02-06 05:05:33,Python Course,Digital,1,199.99,5.0,0,0.0,199.99,199.99,5.0,194.99,97.5,Website,Apple Pay,Refunded,hclayton@example.org,Paula Hart,New,Miami,FL,South,2026,2,February,Feb,6,4,Friday,Fri,6,1,Q1,False,True,2026-02,2026Q1,2026-W05,5,Morning,Winter
ORD-10249,2026-02-07,16:46:38,2026-02-07 16:46:38,Data Science Bundle,Digital,2,299.99,5.0,10,60.0,599.98,539.98,10.0,529.98,98.15,Website,Bank Transfer,Refunded,nicholsjacqueline@example.com,Emma Miller,New,Miami,FL,South,2026,2,February,Feb,6,5,Saturday,Sat,7,1,Q1,True,False,2026-02,2026Q1,2026-W05,16,Afternoon,Winter
ORD-12211,2026-02-08,10:43:31,2026-02-08 10:43:31,Ergonomic Mouse,Office,1,69.99,22.0,0,0.0,69.99,69.99,22.0,47.99,68.57,Website,Credit Card,Refunded,nicole98@example.com,April Lambert,New,Philadelphia,PA,Northeast,2026,2,February,Feb,6,6,Sunday,Sun,8,1,Q1,True,False,2026-02,2026Q1,2026-W06,10,Morning,Winter
ORD-14540,2026-02-17,19:41:36,2026-02-17 19:41:36,SQL for Beginners,Digital,1,79.99,5.0,20,16.0,79.99,63.99,5.0,58.99,92.19,Website,PayPal,Refunded,wellsmichael@example.com,Melissa Newman,New,Chicago,IL,Midwest,2026,2,February,Feb,8,1,Tuesday,Tue,17,1,Q1,False,True,2026-02,2026Q1,2026-W07,19,Evening,Winter
ORD-12007,2026-02-18,20:25:08,2026-02-18 20:25:08,Wireless Headphones,Electronics,2,299.99,120.0,15,90.0,599.98,509.98,240.0,269.98,52.94,Website,PayPal,Refunded,trodriguez@example.com,Andrew Mitchell,New,San Antonio,TX,South,2026,2,February,Feb,8,2,Wednesday,Wed,18,1,Q1,False,True,2026-02,2026Q1,2026-W07,20,Evening,Winter
ORD-13523,2026-02-19,11:58:32,2026-02-19 11:58:32,Laptop Bag Leather,Accessories,4,89.99,30.0,0,0.0,359.96,359.96,120.0,239.96,66.66,Mobile App,Debit Card,Refunded,christopheradams@example.net,Jessica Herrera,New,Minneapolis,MN,Midwest,2026,2,February,Feb,8,3,Thursday,Thu,19,1,Q1,False,True,2026-02,2026Q1,2026-W07,11,Morning,Winter
ORD-13264,2026-02-21,19:51:46,2026-02-21 19:51:46,SQL for Beginners,Digital,2,79.99,5.0,10,16.0,159.98,143.98,10.0,133.98,93.05,Email Campaign,Bank Transfer,Refunded,tiffany73@example.net,Thomas Nunez,Returning,Philadelphia,PA,Northeast,2026,2,February,Feb,8,5,Saturday,Sat,21,1,Q1,True,False,2026-02,2026Q1,2026-W07,19,Evening,Winter
ORD-10899,2026-02-24,06:18:38,2026-02-24 06:18:38,Laptop Bag Leather,Accessories,1,89.99,30.0,0,0.0,89.99,89.99,30.0,59.99,66.66,Social Media,Credit Card,Refunded,joewest@example.net,Kara Greene,New,Phoenix,AZ,West,2026,2,February,Feb,9,1,Tuesday,Tue,24,1,Q1,False,True,2026-02,2026Q1,2026-W08,6,Morning,Winter
ORD-10194,2026-02-25,13:26:35,2026-02-25 13:26:35,USB-C Hub 7-in-1,Accessories,1,79.99,25.0,0,0.0,79.99,79.99,25.0,54.99,68.75,Social Media,Credit Card,Refunded,mwoodward@example.org,Susan Obrien,New,Philadelphia,PA,Northeast,2026,2,February,Feb,9,2,Wednesday,Wed,25,1,Q1,False,True,2026-02,2026Q1,2026-W08,13,Afternoon,Winter
ORD-12945,2026-02-28,12:26:42,2026-02-28 12:26:42,Monitor Stand,Office,1,89.99,28.0,0,0.0,89.99,89.99,28.0,61.99,68.89,Amazon,Apple Pay,Refunded,uspencer@example.com,Fred Smith,Returning,Seattle,WA,West,2026,2,February,Feb,9,5,Saturday,Sat,28,1,Q1,True,False,2026-02,2026Q1,2026-W08,12,Afternoon,Winter
ORD-14994,2026-03-07,14:02:32,2026-03-07 14:02:32,Bluetooth Speaker,Electronics,2,129.99,45.0,0,0.0,259.98,259.98,90.0,169.98,65.38,Website,Debit Card,Refunded,nicolepeterson@example.org,Sharon Brennan,New,Chicago,IL,Midwest,2026,3,March,Mar,10,5,Saturday,Sat,7,1,Q1,True,False,2026-03,2026Q1,2026-W09,14,Afternoon,Spring
ORD-13810,2026-03-08,21:24:43,2026-03-08 21:24:43,Wireless Headphones,Electronics,1,299.99,120.0,0,0.0,299.99,299.99,120.0,179.99,60.0,Website,Bank Transfer,Refunded,walkermartha@example.org,Christopher Harris,New,San Antonio,TX,South,2026,3,March,Mar,10,6,Sunday,Sun,8,1,Q1,True,False,2026-03,2026Q1,2026-W10,21,Night,Spring
ORD-14896,2026-03-10,19:20:05,2026-03-10 19:20:05,Bluetooth Speaker,Electronics,2,129.99,45.0,0,0.0,259.98,259.98,90.0,169.98,65.38,Website,Apple Pay,Refunded,benjamin38@example.com,Kendra Stein,New,Denver,CO,West,2026,3,March,Mar,11,1,Tuesday,Tue,10,1,Q1,False,True,2026-03,2026Q1,2026-W10,19,Evening,Spring
ORD-14314,2026-03-12,21:37:57,2026-03-12 21:37:57,Python Course,Digital,1,199.99,5.0,5,10.0,199.99,189.99,5.0,184.99,97.37,Website,Credit Card,Refunded,brooksphilip@example.net,Sarah Robinson,Returning,New York,NY,Northeast,2026,3,March,Mar,11,3,Thursday,Thu,12,1,Q1,False,True,2026-03,2026Q1,2026-W10,21,Night,Spring
ORD-12515,2026-03-15,14:17:10,2026-03-15 14:17:10,Wireless Headphones,Electronics,1,299.99,120.0,10,30.0,299.99,269.99,120.0,149.99,55.55,Website,Bank Transfer,Refunded,kherrera@example.com,Kaitlyn Cox,New,New York,NY,Northeast,2026,3,March,Mar,11,6,Sunday,Sun,15,1,Q1,True,False,2026-03,2026Q1,2026-W11,14,Afternoon,Spring
ORD-13631,2026-03-17,16:13:01,2026-03-17 16:13:01,Ergonomic Mouse,Office,1,69.99,22.0,5,3.5,69.99,66.49,22.0,44.49,66.91,Website,PayPal,Refunded,pauldavis@example.net,William Gomez,New,Chicago,IL,Midwest,2026,3,March,Mar,12,1,Tuesday,Tue,17,1,Q1,False,True,2026-03,2026Q1,2026-W11,16,Afternoon,Spring
ORD-11809,2026-03-19,16:10:53,2026-03-19 16:10:53,Bluetooth Speaker,Electronics,1,129.99,45.0,5,6.5,129.99,123.49,45.0,78.49,63.56,Mobile App,Debit Card,Refunded,fletchermichael@example.org,Blake Gomez,Returning,Philadelphia,PA,Northeast,2026,3,March,Mar,12,3,Thursday,Thu,19,1,Q1,False,True,2026-03,2026Q1,2026-W11,16,Afternoon,Spring
ORD-11262,2026-03-27,12:26:44,2026-03-27 12:26:44,Bluetooth Speaker,Electronics,1,129.99,45.0,5,6.5,129.99,123.49,45.0,78.49,63.56,Website,Credit Card,Refunded,ewalker@example.org,Darren Martin,New,Chicago,IL,Midwest,2026,3,March,Mar,13,4,Friday,Fri,27,1,Q1,False,True,2026-03,2026Q1,2026-W12,12,Afternoon,Spring
ORD-12647,2026-03-28,20:54:38,2026-03-28 20:54:38,USB-C Hub 7-in-1,Accessories,1,79.99,25.0,5,4.0,79.99,75.99,25.0,50.99,67.1,Social Media,Debit Card,Refunded,bryanttoni@example.com,Traci Clark,Returning,Minneapolis,MN,Midwest,2026,3,March,Mar,13,5,Saturday,Sat,28,1,Q1,True,False,2026-03,2026Q1,2026-W12,20,Evening,Spring
ORD-10649,2026-03-31,16:35:18,2026-03-31 16:35:18,Wireless Headphones,Electronics,1,299.99,120.0,0,0.0,299.99,299.99,120.0,179.99,60.0,Social Media,Apple Pay,Refunded,zanderson@example.org,Connie Thornton,New,Seattle,WA,West,2026,3,March,Mar,14,1,Tuesday,Tue,31,1,Q1,False,True,2026-03,2026Q1,2026-W13,16,Afternoon,Spring
ORD-14202,2026-04-01,15:07:01,2026-04-01 15:07:01,Desk Organizer,Office,3,49.99,15.0,0,0.0,149.97,149.97,45.0,104.97,69.99,Amazon,Bank Transfer,Refunded,christinebriggs@example.com,Jennifer Bonilla,New,Chicago,IL,Midwest,2026,4,April,Apr,14,2,Wednesday,Wed,1,2,Q2,False,True,2026-04,2026Q2,2026-W13,15,Afternoon,Spring
ORD-14251,2026-04-07,14:31:07,2026-04-07 14:31:07,Bluetooth Speaker,Electronics,2,129.99,45.0,5,13.0,259.98,246.98,90.0,156.98,63.56,Amazon,Credit Card,Refunded,stephenperez@example.com,Kevin Davis,New,Boston,MA,Northeast,2026,4,April,Apr,15,1,Tuesday,Tue,7,2,Q2,False,True,2026-04,2026Q2,2026-W14,14,Afternoon,Spring
ORD-12307,2026-04-13,14:07:43,2026-04-13 14:07:43,Bluetooth Speaker,Electronics,1,129.99,45.0,0,0.0,129.99,129.99,45.0,84.99,65.38,Email Campaign,Bank Transfer,Refunded,johnsonjoshua@example.com,James Williams,New,Denver,CO,West,2026,4,April,Apr,16,0,Monday,Mon,13,2,Q2,False,True,2026-04,2026Q2,2026-W15,14,Afternoon,Spring
ORD-10229,2026-04-17,08:22:54,2026-04-17 08:22:54,Mechanical Keyboard,Office,2,159.99,65.0,15,48.0,319.98,271.98,130.0,141.98,52.2,Mobile App,Debit Card,Refunded,ggutierrez@example.org,Alexis Shaffer,New,Boston,MA,Northeast,2026,4,April,Apr,16,4,Friday,Fri,17,2,Q2,False,True,2026-04,2026Q2,2026-W15,8,Morning,Spring
ORD-10409,2026-04-17,15:28:26,2026-04-17 15:28:26,Phone Case Premium,Accessories,1,34.99,8.0,0,0.0,34.99,34.99,8.0,26.99,77.14,Amazon,Credit Card,Refunded,bradywilliam@example.com,Shannon Jacobs,Returning,Boston,MA,Northeast,2026,4,April,Apr,16,4,Friday,Fri,17,2,Q2,False,True,2026-04,2026Q2,2026-W15,15,Afternoon,Spring
ORD-10296,2026-04-18,15:26:07,2026-04-18 15:26:07,Ergonomic Mouse,Office,1,69.99,22.0,5,3.5,69.99,66.49,22.0,44.49,66.91,Email Campaign,Bank Transfer,Refunded,manuelhouston@example.net,Pamela Castro,New,Seattle,WA,West,2026,4,April,Apr,16,5,Saturday,Sat,18,2,Q2,True,False,2026-04,2026Q2,2026-W15,15,Afternoon,Spring
ORD-10582,2026-04-18,20:11:42,2026-04-18 20:11:42,SQL for Beginners,Digital,1,79.99,5.0,0,0.0,79.99,79.99,5.0,74.99,93.75,Website,Debit Card,Refunded,scottallen@example.com,Kaitlyn Lawrence,New,Boston,MA,Northeast,2026,4,April,Apr,16,5,Saturday,Sat,18,2,Q2,True,False,2026-04,2026Q2,2026-W15,20,Evening,Spring
ORD-12074,2026-04-20,16:59:18,2026-04-20 16:59:18,Laptop Pro X1,Electronics,1,1299.99,800.0,15,195.0,1299.99,1104.99,800.0,304.99,27.6,Email Campaign,Credit Card,Refunded,dennistrevino@example.org,David Foster,Returning,Houston,TX,South,2026,4,April,Apr,17,0,Monday,Mon,20,2,Q2,False,True,2026-04,2026Q2,2026-W16,16,Afternoon,Spring
ORD-11528,2026-04-21,03:04:50,2026-04-21 03:04:50,Bluetooth Speaker,Electronics,1,129.99,45.0,5,6.5,129.99,123.49,45.0,78.49,63.56,Website,PayPal,Refunded,andrea13@example.com,Ronald Espinoza,New,Denver,CO,West,2026,4,April,Apr,17,1,Tuesday,Tue,21,2,Q2,False,True,2026-04,2026Q2,2026-W16,3,Night,Spring
ORD-14830,2026-04-24,08:32:29,2026-04-24 08:32:29,Bluetooth Speaker,Electronics,2,129.99,45.0,10,26.0,259.98,233.98,90.0,143.98,61.54,Amazon,Debit Card,Refunded,drakedonna@example.org,Richard Flynn,New,Seattle,WA,West,2026,4,April,Apr,17,4,Friday,Fri,24,2,Q2,False,True,2026-04,2026Q2,2026-W16,8,Morning,Spring
ORD-12012,2026-04-24,10:30:12,2026-04-24 10:30:12,Laptop Bag Leather,Accessories,1,89.99,30.0,0,0.0,89.99,89.99,30.0,59.99,66.66,Website,Apple Pay,Refunded,marymiller@example.org,Elizabeth Carroll,Returning,Boston,MA,Northeast,2026,4,April,Apr,17,4,Friday,Fri,24,2,Q2,False,True,2026-04,2026Q2,2026-W16,10,Morning,Spring
ORD-12063,2026-04-24,11:24:06,2026-04-24 11:24:06,USB-C Hub 7-in-1,Accessories,1,79.99,25.0,10,8.0,79.99,71.99,25.0,46.99,65.27,Social Media,Credit Card,Refunded,gadams@example.net,Benjamin Griffith,New,Seattle,WA,West,2026,4,April,Apr,17,4,Friday,Fri,24,2,Q2,False,True,2026-04,2026Q2,2026-W16,11,Morning,Spring
ORD-14308,2026-04-24,19:12:32,2026-04-24 19:12:32,Smart Watch Series 5,Electronics,2,449.99,180.0,15,135.0,899.98,764.98,360.0,404.98,52.94,Website,Debit Card,Refunded,denise48@example.net,Julie Cook,New,Denver,CO,West,2026,4,April,Apr,17,4,Friday,Fri,24,2,Q2,False,True,2026-04,2026Q2,2026-W16,19,Evening,Spring
ORD-13535,2026-04-26,20:45:35,2026-04-26 20:45:35,Laptop Pro X1,Electronics,1,1299.99,800.0,25,325.0,1299.99,974.99,800.0,174.99,17.95,Mobile App,Apple Pay,Refunded,jenniferphillips@example.org,Mrs. Lori Wade,New,Minneapolis,MN,Midwest,2026,4,April,Apr,17,6,Sunday,Sun,26,2,Q2,True,False,2026-04,2026Q2,2026-W17,20,Evening,Spring
ORD-10989,2026-04-29,13:41:29,2026-04-29 13:41:29,Desk Organizer,Office,1,49.99,15.0,0,0.0,49.99,49.99,15.0,34.99,69.99,Website,PayPal,Refunded,rodgerssherri@example.com,Christopher Jones,New,Boston,MA,Northeast,2026,4,April,Apr,18,2,Wednesday,Wed,29,2,Q2,False,True,2026-04,2026Q2,2026-W17,13,Afternoon,Spring
ORD-14039,2026-05-02,12:52:59,2026-05-02 12:52:59,USB-C Hub 7-in-1,Accessories,2,79.99,25.0,0,0.0,159.98,159.98,50.0,109.98,68.75,Website,Debit Card,Refunded,candicelong@example.com,Aaron Tyler,New,Philadelphia,PA,Northeast,2026,5,May,May,18,5,Saturday,Sat,2,2,Q2,True,False,2026-05,2026Q2,2026-W17,12,Afternoon,Spring
ORD-10043,2026-05-04,12:48:57,2026-05-04 12:48:57,Mechanical Keyboard,Office,2,159.99,65.0,10,32.0,319.98,287.98,130.0,157.98,54.86,Mobile App,Debit Card,Refunded,jessicagreen@example.org,Jason Johnson,New,Dallas,TX,South,2026,5,May,May,19,0,Monday,Mon,4,2,Q2,False,True,2026-05,2026Q2,2026-W18,12,Afternoon,Spring
ORD-13702,2026-05-05,18:50:29,2026-05-05 18:50:29,Desk Organizer,Office,1,49.99,15.0,0,0.0,49.99,49.99,15.0,34.99,69.99,Amazon,PayPal,Refunded,harrisjames@example.com,Sabrina Parsons,Returning,New York,NY,Northeast,2026,5,May,May,19,1,Tuesday,Tue,5,2,Q2,False,True,2026-05,2026Q2,2026-W18,18,Evening,Spring
ORD-10103,2026-05-08,15:29:32,2026-05-08 15:29:32,Ergonomic Mouse,Office,1,69.99,22.0,10,7.0,69.99,62.99,22.0,40.99,65.07,Mobile App,Debit Card,Refunded,erin88@example.net,Donna Evans,New,Miami,FL,South,2026,5,May,May,19,4,Friday,Fri,8,2,Q2,False,True,2026-05,2026Q2,2026-W18,15,Afternoon,Spring
ORD-14897,2026-05-09,08:18:55,2026-05-09 08:18:55,Screen Protector,Accessories,1,19.99,4.0,5,1.0,19.99,18.99,4.0,14.99,78.94,Website,Bank Transfer,Refunded,caleb27@example.org,Willie Taylor,Returning,Atlanta,GA,South,2026,5,May,May,19,5,Saturday,Sat,9,2,Q2,True,False,2026-05,2026Q2,2026-W18,8,Morning,Spring
ORD-14099,2026-05-16,23:24:09,2026-05-16 23:24:09,Monitor Stand,Office,2,89.99,28.0,10,18.0,179.98,161.98,56.0,105.98,65.43,Social Media,Credit Card,Refunded,sarahellison@example.com,Krista Smith,New,Miami,FL,South,2026,5,May,May,20,5,Saturday,Sat,16,2,Q2,True,False,2026-05,2026Q2,2026-W19,23,Night,Spring
